study_no,reference,lat,long,climclass,reps,reps_pooled,cropseq_simp,cropseq_div,checkcrop,rotlength_simp,rotlength_div,speciesno_simp,speciesno_div,data_type,sys_tillage,sys_weedmgmt,weedmsmt_unit,sbmst_mtd,peren_divYN,fallow_simpYN,study_age,CSD_simp,CSD_div,CSD2_simp,CSD2_div,PISD_simp,PISD_div,bioLRR,denLRR,sbLRR,maxstudyage,reps_pooledyrs,data_type2,sys_weedmgmt2,sys_weedmgmt3,climclasslat,climclasslat2,speciesno_rat,speciesno_diff,CSD_diff,CSD_rat,mono_YN,wgt
1,"Rey-Caballero et al., 2017",41.630231,1.340414,C,3,3,W,Fp-W,W,1,2,1,2,RM,tilled,herbicides,single species,NA,N,N,3,0,1,1,4,0,1.4142135623730951,NA,-1.0116009116784799,NA,3,3,RM-last,herb_Y,herb,temperate,temperate,2,1,1,4,Y,1.5
1,"Rey-Caballero et al., 2017",41.630231,1.340414,C,3,3,W,R-W,W,1,2,1,2,RM,tilled,herbicides,single species,NA,N,N,3,0,1,1,4,0,0,NA,0.24116205681688804,NA,3,3,RM-last,herb_Y,herb,temperate,temperate,2,1,1,4,Y,1.5
1,"Rey-Caballero et al., 2017",41.630231,1.340414,C,3,3,W,Su-W,W,1,2,1,2,RM,tilled,herbicides,single species,NA,N,N,3,0,1,1,4,0,8.48528137423857,NA,0.0870113769896297,NA,3,3,RM-last,herb_Y,herb,temperate,temperate,2,1,1,4,Y,1.5
1,"Rey-Caballero et al., 2017",41.917577,1.014483,C,3,3,W,Fp-W,W,1,2,1,2,RM,tilled,herbicides,single species,NA,N,N,3,0,1,1,4,0,1.4142135623730951,NA,-2.6741486494265287,NA,3,3,RM-last,herb_Y,herb,temperate,temperate,2,1,1,4,Y,1.5
1,"Rey-Caballero et al., 2017",41.917577,1.014483,C,3,3,W,R-W,W,1,2,1,2,RM,tilled,herbicides,single species,NA,N,N,3,0,1,1,4,0,0,NA,-1.9810014688665833,NA,3,3,RM-last,herb_Y,herb,temperate,temperate,2,1,1,4,Y,1.5
1,"Rey-Caballero et al., 2017",41.917577,1.014483,C,3,3,W,Su-W,W,1,2,1,2,RM,tilled,herbicides,single species,NA,N,N,3,0,1,1,4,0,8.48528137423857,NA,-4.060443010546419,NA,3,3,RM-last,herb_Y,herb,temperate,temperate,2,1,1,4,Y,1.5
2,"Simic et al., 2016",44.870012,20.328897,C,4,8,M,W-M,M,1,2,1,2,RM,tilled,herbicides,community,NA,N,N,3,0,1,1,4,0,7.0710678118654755,-0.9527590724125802,NA,NA,3,4,RM-last,herb_Y,herb,temperate,temperate,2,1,1,4,Y,2
2,"Simic et al., 2016",44.870012,20.328897,C,4,4,M,W-M,M,1,2,1,2,RM,tilled,none,community,NA,N,N,3,0,1,1,4,0,7.0710678118654755,0.017605836560476304,NA,NA,3,4,RM-last,herb_N,none,temperate,temperate,2,1,1,4,Y,2
2,"Simic et al., 2016",44.870012,20.328897,C,4,8,M,Sb-W-M,M,1,3,1,3,RM,tilled,herbicides,community,NA,N,N,4,0,4,1,9,0,5,-0.3473306387820129,NA,NA,4,4,RM-last,herb_Y,herb,temperate,temperate,3,2,4,9,Y,2
2,"Simic et al., 2016",44.870012,20.328897,C,4,4,M,Sb-W-M,M,1,3,1,3,RM,tilled,none,community,NA,N,N,4,0,4,1,9,0,5,0.5576540919885884,NA,NA,4,4,RM-last,herb_N,none,temperate,temperate,3,2,4,9,Y,2
3,"Goplen et al., 2016",44.002881,-92.461605,D,4,4,M,A-A-M,M,1,3,1,2,RM,tilled,herbicides,single species,NA,Y,N,3,0,2,1,6,0,6.928203230275509,NA,-1.2992829841302609,NA,3,4,RM-last,herb_Y,herb,temperate,temperate,2,1,2,6,Y,2
3,"Goplen et al., 2016",44.002881,-92.461605,D,4,4,M,M-Sb-M,M,1,3,1,2,RM,tilled,herbicides,single species,NA,N,N,3,0,1,1,6,0,0,NA,0.31015492830383945,NA,3,4,RM-last,herb_Y,herb,temperate,temperate,2,1,1,6,Y,2
3,"Goplen et al., 2016",44.002881,-92.461605,D,4,4,M,Sb-A-M,M,1,3,1,3,RM,tilled,herbicides,single species,NA,Y,N,3,0,4,1,9,0,0,NA,-0.7884573603642702,NA,3,4,RM-last,herb_Y,herb,temperate,temperate,3,2,4,9,Y,2
3,"Goplen et al., 2016",44.002881,-92.461605,D,4,4,M,Sb-M-M,M,1,3,1,2,RM,tilled,herbicides,single species,NA,N,N,3,0,1,1,6,0,0,NA,-2.3978952727983707,NA,3,4,RM-last,herb_Y,herb,temperate,temperate,2,1,1,6,Y,2
3,"Goplen et al., 2016",44.002881,-92.461605,D,4,4,M,Sb-W-M,M,1,3,1,3,RM,tilled,herbicides,single species,NA,N,N,3,0,4,1,9,0,0,NA,-0.7884573603642702,NA,3,4,RM-last,herb_Y,herb,temperate,temperate,3,2,4,9,Y,2
4,"Ruisi et al., 2014",37.300391,13.57948,C,2,2,W,BCl-W,W,1,2,1,2,AVG,NT,herbicides,community,emergence,Y,N,17.5,0,1,1,4,0,0,NA,NA,-0.8320506716149344,17.5,2,AVG,herb_Y,herb,temperate,temperate,2,1,1,4,Y,1
4,"Ruisi et al., 2014",37.300391,13.57948,C,2,2,W,BCl-W,W,1,2,1,2,AVG,tilled,herb/mech,community,emergence,Y,N,17.5,0,1,1,4,0,0,NA,NA,-1.180266142024949,17.5,2,AVG,herb_Y,herb,temperate,temperate,2,1,1,4,Y,1
4,"Ruisi et al., 2014",37.300391,13.57948,C,2,2,W,Fa-W,W,1,2,1,2,AVG,NT,herbicides,community,emergence,N,N,17.5,0,1,1,4,0,0,NA,NA,-0.3346327185746097,17.5,2,AVG,herb_Y,herb,temperate,temperate,2,1,1,4,Y,1
4,"Ruisi et al., 2014",37.300391,13.57948,C,2,2,W,Fa-W,W,1,2,1,2,AVG,tilled,herb/mech,community,emergence,N,N,17.5,0,1,1,4,0,0,NA,NA,-0.6001353239920966,17.5,2,AVG,herb_Y,herb,temperate,temperate,2,1,1,4,Y,1
5,"Shahzad et al., 2016",30.15393,71.524782,B,3,3,F-W,C-W,W,2,2,1,2,RM,NT,none,community,NA,N,Y,2,0,1,2,4,0,0,-0.616186139423817,-2.116075674859616,NA,2,3,RM-last,herb_N,none,sub-tropical,sub/tropical,2,1,1,2,Y,1.5
5,"Shahzad et al., 2016",30.15393,71.524782,B,3,12,F-W,C-W,W,2,2,1,2,RM,tilled,none,community,NA,N,Y,2,0,1,2,4,0,0,-0.16251892949777494,0.5671064596645803,NA,2,3,RM-last,herb_N,none,sub-tropical,sub/tropical,2,1,1,2,Y,1.5
5,"Shahzad et al., 2016",30.15393,71.524782,B,3,3,F-W,Mb-W,W,2,2,1,2,RM,NT,none,community,NA,N,Y,2,0,1,2,4,0,1.4142135623730951,0.15984870094189604,-1.02746346952609,NA,2,3,RM-last,herb_N,none,sub-tropical,sub/tropical,2,1,1,2,Y,1.5
5,"Shahzad et al., 2016",30.15393,71.524782,B,3,12,F-W,Mb-W,W,2,2,1,2,RM,tilled,none,community,NA,N,Y,2,0,1,2,4,0,1.4142135623730951,-0.2876820724517809,0.07598590697792205,NA,2,3,RM-last,herb_N,none,sub-tropical,sub/tropical,2,1,1,2,Y,1.5
5,"Shahzad et al., 2016",30.15393,71.524782,B,3,3,F-W,Ri-W,W,2,2,1,2,RM,NT,none,community,NA,N,Y,2,0,1,2,4,0,1.4142135623730951,-1.0986122886681098,-1.5585943594528262,NA,2,3,RM-last,herb_N,none,sub-tropical,sub/tropical,2,1,1,2,Y,1.5
5,"Shahzad et al., 2016",30.15393,71.524782,B,3,12,F-W,Ri-W,W,2,2,1,2,RM,tilled,none,community,NA,N,Y,2,0,1,2,4,0,1.4142135623730951,0.04879016416943205,-0.11122563511022437,NA,2,3,RM-last,herb_N,none,sub-tropical,sub/tropical,2,1,1,2,Y,1.5
5,"Shahzad et al., 2016",30.15393,71.524782,B,3,3,F-W,So-W,W,2,2,1,2,RM,NT,none,community,NA,N,Y,2,0,1,2,4,0,1.4142135623730951,-1.875141078167106,-2.583098675967214,NA,2,3,RM-last,herb_N,none,sub-tropical,sub/tropical,2,1,1,2,Y,1.5
5,"Shahzad et al., 2016",30.15393,71.524782,B,3,12,F-W,So-W,W,2,2,1,2,RM,tilled,none,community,NA,N,Y,2,0,1,2,4,0,1.4142135623730951,-0.5978370007556204,-0.5020919437972361,NA,2,3,RM-last,herb_N,none,sub-tropical,sub/tropical,2,1,1,2,Y,1.5
6,"Hunt et al., 2017",42.020898,-93.777058,D,4,8,M-Sb,O/A-A-M-Sb,Sb,2,4,2,4,RM,tilled,herb/mech,community,NA,Y,N,pooled,0,4,4,16,1.4142135623730951,7,0.32547749613286686,NA,NA,13,20,RM-avg,herb_Y,herb,temperate,temperate,2,2,4,4,N,10
6,"Hunt et al., 2017",42.020898,-93.777058,D,4,8,M-Sb,O/RCl-M-Sb,Sb,2,3,2,4,RM,tilled,herbicides,community,NA,Y,N,pooled,0,2,4,12,1.4142135623730951,1,-0.05880856345483819,NA,NA,13,28,RM-avg,herb_Y,herb,temperate,temperate,2,2,2,3,N,14
6,"Hunt et al., 2017",42.020898,-93.777058,D,4,8,Sb-M,Sb-O/A-A-M,M,2,4,2,4,RM,tilled,herb/mech,community,NA,Y,N,pooled,0,4,4,16,1.4142135623730951,7,1.2796365068191706,NA,NA,13,20,RM-avg,herb_Y,herb,temperate,temperate,2,2,4,4,N,10
6,"Hunt et al., 2017",42.020898,-93.777058,D,4,8,Sb-M,Sb-O/RCl-M,M,2,3,2,4,RM,tilled,herbicides,community,NA,Y,N,pooled,0,2,4,12,1.4142135623730951,1,0.885932894488111,NA,NA,13,28,RM-avg,herb_Y,herb,temperate,temperate,2,2,2,3,N,14
7,"Harker et al., 2015",50.046952,-100.029067,D,4,4,sR,Fp-sW-sR,sR,1,3,1,3,RM,NT,herbicides,community,NA,N,N,6,0,4,1,9,0,0,NA,-1.7525387560747736,NA,6,4,RM-last,herb_Y,herb,temperate,temperate,3,2,4,9,Y,2
7,"Harker et al., 2015",50.046952,-100.029067,D,4,4,sR,sW-sR-sR,sR,1,3,1,2,RM,NT,herbicides,community,NA,N,N,6,0,1,1,6,0,0,NA,-0.5764229062518039,NA,6,4,RM-last,herb_Y,herb,temperate,temperate,2,1,1,6,Y,2
7,"Harker et al., 2015",50.046952,-100.029067,D,4,4,sR,sW-sW-sR,sR,1,3,1,2,RM,NT,herbicides,community,NA,N,N,6,0,2,1,6,0,0,NA,-0.34181984294780837,NA,6,4,RM-last,herb_Y,herb,temperate,temperate,2,1,2,6,Y,2
7,"Harker et al., 2015",52.519938,-113.78395,D,4,4,sR,Fp-sW-sR,sR,1,3,1,3,RM,NT,herbicides,community,NA,N,N,6,0,4,1,9,0,0,NA,-0.980266031369127,NA,6,4,RM-last,herb_Y,herb,temperate,temperate,3,2,4,9,Y,2
7,"Harker et al., 2015",52.519938,-113.78395,D,4,4,sR,sW-sR-sR,sR,1,3,1,2,RM,NT,herbicides,community,NA,N,N,6,0,1,1,6,0,0,NA,-0.7969439742415888,NA,6,4,RM-last,herb_Y,herb,temperate,temperate,2,1,1,6,Y,2
7,"Harker et al., 2015",52.519938,-113.78395,D,4,4,sR,sW-sW-sR,sR,1,3,1,2,RM,NT,herbicides,community,NA,N,N,6,0,2,1,6,0,0,NA,-0.7369077607975294,NA,6,4,RM-last,herb_Y,herb,temperate,temperate,2,1,2,6,Y,2
8,"Mock et al., 2012",40.415151,-86.940704,D,6,18,Sb,M-Sb,Sb,1,2,1,2,LAST,NT,herbicides,community,NA,N,N,3,0,1,1,4,0,0,NA,-1.0575106129825578,NA,3,6,LAST,herb_Y,herb,temperate,temperate,2,1,1,4,Y,3
8,"Mock et al., 2012",40.415151,-86.940704,D,6,6,Sb,M-Sb,Sb,1,2,1,2,LAST,NT,none,community,NA,N,N,3,0,1,1,4,0,0,NA,-1.6314168191528755,NA,3,6,LAST,herb_N,none,temperate,temperate,2,1,1,4,Y,3
9,"Liebman et al., 2014",42.020898,-93.777058,D,4,4,M-Sb,sTr/A-A-M-Sb,Sb,2,4,2,4,RM,tilled,IC,community,NA,Y,N,4,0,4,4,16,1.4142135623730951,7,NA,0.030771658666753687,NA,4,4,RM-last,IC,IC,temperate,temperate,2,2,4,4,N,2
9,"Liebman et al., 2014",42.020898,-93.777058,D,4,4,M-Sb,sTr/RCl-M-Sb,Sb,2,3,2,4,RM,tilled,IC,community,NA,Y,N,4,0,2,4,12,1.4142135623730951,1,NA,-0.24686007793152578,NA,4,4,RM-last,IC,IC,temperate,temperate,2,2,2,3,N,2
9,"Liebman et al., 2014",42.020898,-93.777058,D,4,4,Sb-M,Sb-sTr/A-A-M,M,2,4,2,4,RM,tilled,IC,community,NA,Y,N,4,0,4,4,16,1.4142135623730951,7,NA,0.10536051565782635,NA,4,4,RM-last,IC,IC,temperate,temperate,2,2,4,4,N,2
9,"Liebman et al., 2014",42.020898,-93.777058,D,4,4,Sb-M,Sb-sTr/RCl-M,M,2,3,2,4,RM,tilled,IC,community,NA,Y,N,4,0,2,4,12,1.4142135623730951,1,NA,0.20067069546215124,NA,4,4,RM-last,IC,IC,temperate,temperate,2,2,2,3,N,2
9,"Liebman et al., 2014",42.020898,-93.777058,D,4,4,M-Sb,sTr/RCl-M-Sb,Sb,2,3,2,4,RM,tilled,IC,community,extraction,Y,N,5,0,2,4,12,1.4142135623730951,1,NA,NA,0.6681218129930049,5,4,RM-last,IC,IC,temperate,temperate,2,2,2,3,N,2
9,"Liebman et al., 2014",42.020898,-93.777058,D,4,4,M-Sb,sTr/RCl-M-Sb,Sb,2,4,2,4,RM,tilled,IC,community,extraction,Y,N,5,0,4,4,16,1.4142135623730951,7,NA,NA,0.06501369339645237,5,4,RM-last,IC,IC,temperate,temperate,2,2,4,4,N,2
9,"Liebman et al., 2014",42.020898,-93.777058,D,4,4,Sb-M,Sb-sTr/RCl-M,M,2,3,2,4,RM,tilled,IC,community,extraction,Y,N,5,0,2,4,12,1.4142135623730951,1,NA,NA,0.42264993286226527,5,4,RM-last,IC,IC,temperate,temperate,2,2,2,3,N,2
9,"Liebman et al., 2014",42.020898,-93.777058,D,4,4,Sb-M,Sb-sTr/RCl-M,M,2,4,2,4,RM,tilled,IC,community,extraction,Y,N,5,0,4,4,16,1.4142135623730951,7,NA,NA,-0.23656657164635045,5,4,RM-last,IC,IC,temperate,temperate,2,2,4,4,N,2
10,"Harker et al., 2009",50.046952,-100.029067,D,4,48,sB,sR-sB-P-sB,sB,1,4,1,3,RM,NT,herbicides,single species,NA,N,N,5,0,4,1,12,0,0,-1.0487580902812075,-0.3196198343008656,NA,5,4,RM-last,herb_Y,herb,temperate,temperate,3,2,4,12,Y,2
11,"Koocheki et al., 2009",36.262176,59.612759,B,3,3,W,Be-W,W,1,2,1,2,LAST,tilled,IC,community,germination,N,N,6,0,1,1,4,0,9.899494936611665,NA,-0.15718558352241238,-0.2446367960882969,6,3,LAST,IC,IC,temperate,temperate,2,1,1,4,Y,1.5
11,"Koocheki et al., 2009",36.262176,59.612759,B,3,3,W,M-W,W,1,2,1,2,LAST,tilled,IC,community,germination,N,N,6,0,1,1,4,0,11.313708498984761,NA,-0.5209779952300087,-0.10412474888391517,6,3,LAST,IC,IC,temperate,temperate,2,1,1,4,Y,1.5
12,"Davis et al., 2009",39.034491,-85.512745,C,5,10,Sb,M-Sb,Sb,1,2,1,2,RM,NT,herbicides,single species,NA,N,N,4,0,1,1,4,0,1.4142135623730951,NA,-0.99714282850325,NA,4,5,RM-last,herb_Y,herb,temperate,temperate,2,1,1,4,Y,2.5
13,"Gulden et al., 2009",42.207291,-82.718544,D,4,8,M-Sb,W-M-Sb,Sb,2,3,2,3,AVG,tilled,herbicides,community,NA,N,N,3.5,0,1,4,9,1.4142135623730951,3,NA,0.26933293378358436,NA,3.5,4,AVG,herb_Y,herb,temperate,temperate,1.5,1,1,2.25,N,2
13,"Gulden et al., 2009",42.207291,-82.718544,D,4,8,Sb-M,Sb-W-M,M,2,3,2,3,AVG,tilled,herbicides,community,NA,N,N,3.5,0,1,4,9,1.4142135623730951,3,NA,0,NA,3.5,4,AVG,herb_Y,herb,temperate,temperate,1.5,1,1,2.25,N,2
13,"Gulden et al., 2009",42.379681,-81.84664,D,4,8,M-Sb,W-M-Sb,Sb,2,3,2,3,AVG,NT,herbicides,community,NA,N,N,3.5,0,1,4,9,1.4142135623730951,3,NA,-0.456758402495715,NA,3.5,4,AVG,herb_Y,herb,temperate,temperate,1.5,1,1,2.25,N,2
13,"Gulden et al., 2009",42.379681,-81.84664,D,4,8,M-Sb,W-M-Sb,Sb,2,3,2,3,AVG,tilled,herbicides,community,NA,N,N,3.5,0,1,4,9,1.4142135623730951,3,NA,-0.1251631429540059,NA,3.5,4,AVG,herb_Y,herb,temperate,temperate,1.5,1,1,2.25,N,2
13,"Gulden et al., 2009",42.379681,-81.84664,D,4,8,Sb-M,Sb-W-M,M,2,3,2,3,AVG,NT,herbicides,community,NA,N,N,3.5,0,1,4,9,1.4142135623730951,3,NA,-0.6204759902625863,NA,3.5,4,AVG,herb_Y,herb,temperate,temperate,1.5,1,1,2.25,N,2
13,"Gulden et al., 2009",42.379681,-81.84664,D,4,8,Sb-M,Sb-W-M,M,2,3,2,3,AVG,tilled,herbicides,community,NA,N,N,3.5,0,1,4,9,1.4142135623730951,3,NA,-0.055673002426241756,NA,3.5,4,AVG,herb_Y,herb,temperate,temperate,1.5,1,1,2.25,N,2
13,"Gulden et al., 2009",43.289192,-81.494523,D,4,8,M-Sb,W-M-Sb,Sb,2,3,2,3,AVG,tilled,herbicides,community,NA,N,N,3.5,0,1,4,9,1.4142135623730951,3,NA,-0.11869586091374319,NA,3.5,4,AVG,herb_Y,herb,temperate,temperate,1.5,1,1,2.25,N,2
13,"Gulden et al., 2009",43.289192,-81.494523,D,4,8,Sb-M,Sb-W-M,M,2,3,2,3,AVG,tilled,herbicides,community,NA,N,N,3.5,0,1,4,9,1.4142135623730951,3,NA,0.636889377909851,NA,3.5,4,AVG,herb_Y,herb,temperate,temperate,1.5,1,1,2.25,N,2
13,"Gulden et al., 2009",43.80372,-81.670344,D,4,8,M-Sb,W-M-Sb,Sb,2,3,2,3,AVG,NT,herbicides,community,NA,N,N,3.5,0,1,4,9,1.4142135623730951,3,NA,0,NA,3.5,4,AVG,herb_Y,herb,temperate,temperate,1.5,1,1,2.25,N,2
13,"Gulden et al., 2009",43.80372,-81.670344,D,4,8,Sb-M,Sb-W-M,M,2,3,2,3,AVG,NT,herbicides,community,NA,N,N,3.5,0,1,4,9,1.4142135623730951,3,NA,-0.9829821063728272,NA,3.5,4,AVG,herb_Y,herb,temperate,temperate,1.5,1,1,2.25,N,2
15,"Melander et al., 2008",55.312867,11.394974,C,4,4,W,W-sB-P-W,W,1,3,1,3,RM,NT,herbicides,single species,NA,N,N,2,0,4,1,9,0,5.715476066494082,NA,-0.8979415932059586,NA,2,4,RM-last,herb_Y,herb,temperate,temperate,3,2,4,9,Y,2
15,"Melander et al., 2008",55.312867,11.394974,C,4,8,W,W-sB-P-W,W,1,3,1,3,RM,tilled,herbicides,single species,NA,N,N,2,0,4,1,9,0,5.715476066494082,NA,0.4428526401797847,NA,2,4,RM-last,herb_Y,herb,temperate,temperate,3,2,4,9,Y,2
15,"Melander et al., 2008",55.312867,11.394974,C,4,4,W,B-R-W-W,W,1,3,1,3,RM,NT,herbicides,single species,NA,N,N,5,0,4,1,9,0,0.816496580927726,NA,0,NA,5,4,RM-last,herb_Y,herb,temperate,temperate,3,2,4,9,Y,2
15,"Melander et al., 2008",55.312867,11.394974,C,4,8,W,B-R-W-W,W,1,3,1,3,RM,tilled,herbicides,single species,NA,N,N,5,0,4,1,9,0,0.816496580927726,NA,-0.6691939395374525,NA,5,4,RM-last,herb_Y,herb,temperate,temperate,3,2,4,9,Y,2
15,"Melander et al., 2008",55.312867,11.394974,C,4,4,W,R-B-R-W,W,1,3,1,3,RM,tilled,herbicides,single species,NA,N,N,5,0,4,1,9,0,0.816496580927726,NA,-0.3468709438421114,NA,5,4,RM-last,herb_Y,herb,temperate,temperate,3,2,4,9,Y,2
15,"Melander et al., 2008",55.312867,11.394974,C,4,4,W,W-sB-P-W,W,1,3,1,3,RM,tilled,herbicides,single species,NA,N,N,5,0,4,1,9,0,5.715476066494082,NA,1.3294187127278885,NA,5,4,RM-last,herb_Y,herb,temperate,temperate,3,2,4,9,Y,2
15,"Melander et al., 2008",55.312867,11.394974,C,4,4,W,W-Sb-P-W,W,1,3,1,3,RM,tilled,herbicides,single species,NA,N,N,5,0,4,1,9,0,5.715476066494082,NA,-2.068012845856213,NA,5,4,RM-last,herb_Y,herb,temperate,temperate,3,2,4,9,Y,2
15,"Melander et al., 2008",55.312867,11.394974,C,4,4,W,W-sB-R-W,W,1,3,1,3,RM,NT,herbicides,single species,NA,N,N,5,0,4,1,9,0,5.715476066494082,NA,NA,NA,5,4,RM-last,herb_Y,herb,temperate,temperate,3,2,4,9,Y,2
15,"Melander et al., 2008",55.312867,11.394974,C,4,4,W,W-sB-R-W,W,1,3,1,3,RM,tilled,herbicides,single species,NA,N,N,5,0,4,1,9,0,5.715476066494082,NA,-0.34536118403845895,NA,5,4,RM-last,herb_Y,herb,temperate,temperate,3,2,4,9,Y,2
16,"Anderson et al., 2007",43.986856,-102.239657,B,4,4,F-W,M-Mi-W,W,2,3,1,3,LAST,tilled,herbicides,community,NA,N,Y,8,0,4,2,9,0,3.605551275463989,NA,0.6778797084291569,NA,8,4,LAST,herb_Y,herb,temperate,temperate,3,2,4,4.5,Y,2
16,"Anderson et al., 2007",43.986856,-102.239657,B,4,4,F-W,Ma-Su-sW-W,W,2,4,1,3,LAST,tilled,herbicides,community,NA,N,Y,8,0,4,2,12,0,3.1091263510296048,NA,0.28768207245178085,NA,8,4,LAST,herb_Y,herb,temperate,temperate,3,2,4,6,Y,2
16,"Anderson et al., 2007",43.986856,-102.239657,B,4,4,F-W,Mi-W,W,2,2,1,2,LAST,tilled,herbicides,community,NA,N,Y,8,0,1,2,4,0,4.242640687119285,NA,1.91959284073794,NA,8,4,LAST,herb_Y,herb,temperate,temperate,2,1,1,2,Y,2
16,"Anderson et al., 2007",43.986856,-102.239657,B,4,4,F-W,P-Mi-W,W,2,3,1,3,LAST,tilled,herbicides,community,NA,N,Y,8,0,4,2,9,0,1.7320508075688772,NA,0.5978370007556204,NA,8,4,LAST,herb_Y,herb,temperate,temperate,3,2,4,4.5,Y,2
16,"Anderson et al., 2007",43.986856,-102.239657,B,4,4,F-W,Saf-F-W-W,W,2,4,1,3,LAST,tilled,herbicides,community,NA,N,Y,8,0,4,2,12,0,3.605551275463989,NA,0.9102116857977729,NA,8,4,LAST,herb_Y,herb,temperate,temperate,3,2,4,6,Y,2
16,"Anderson et al., 2007",43.986856,-102.239657,B,4,4,F-W,Saf-Mi-W,W,2,3,1,3,LAST,tilled,herbicides,community,NA,N,Y,8,0,4,2,9,0,2.6457513110645907,NA,0.780158557549575,NA,8,4,LAST,herb_Y,herb,temperate,temperate,3,2,4,4.5,Y,2
16,"Anderson et al., 2007",43.986856,-102.239657,B,4,4,F-W,Su-F-W-W,W,2,4,1,3,LAST,tilled,herbicides,community,NA,N,Y,8,0,4,2,12,0,4,NA,1.0467872208035236,NA,8,4,LAST,herb_Y,herb,temperate,temperate,3,2,4,6,Y,2
17,"Liebman et al., 2008",42.020898,-93.777058,D,4,4,M-Sb,sTr/A-A-M-Sb,Sb,2,4,2,4,RM,tilled,IC,community,extraction,Y,N,6,0,4,4,16,1.4142135623730951,7,NA,NA,1.6094379124341003,6,4,RM-last,IC,IC,temperate,temperate,2,2,4,4,N,2
17,"Liebman et al., 2008",42.020898,-93.777058,D,4,4,M-Sb,sTr/RCl-M-Sb,Sb,2,3,2,4,RM,tilled,IC,community,extraction,Y,N,6,0,2,4,12,1.4142135623730951,1,NA,NA,1.9029524215023215,6,4,RM-last,IC,IC,temperate,temperate,2,2,2,3,N,2
17,"Liebman et al., 2008",42.020898,-93.777058,D,4,4,Sb-M,Sb-sTr/A-A-M,M,2,4,2,4,RM,tilled,IC,community,extraction,Y,N,6,0,4,4,16,1.4142135623730951,7,NA,NA,0.7620194029546349,6,4,RM-last,IC,IC,temperate,temperate,2,2,4,4,N,2
17,"Liebman et al., 2008",42.020898,-93.777058,D,4,4,Sb-M,Sb-sTr/RCl-M,M,2,3,2,4,RM,tilled,IC,community,extraction,Y,N,6,0,2,4,12,1.4142135623730951,1,NA,NA,1.747924434810673,6,4,RM-last,IC,IC,temperate,temperate,2,2,2,3,N,2
18,"Blackshaw et al., 2015",50.099254,-112.150692,B,4,8,sW,Be-Db-Po-sW,sW,1,4,1,4,RM,tilled,herbicides,community,germination,N,N,pooled,0,9,1,16,NA,NA,NA,-3.2386784521643803,-0.6826758806926498,12,4,RM-avg,herb_Y,herb,temperate,temperate,4,3,9,16,Y,2
18,"Blackshaw et al., 2015",50.099254,-112.150692,B,4,8,sW,Be-Db-Po-sW,sW,1,4,1,4,RM,tilled,herbicides,community,NA,N,N,pooled,0,9,1,16,NA,NA,NA,-0.5721786826634891,NA,11,12,RM-avg,herb_Y,herb,temperate,temperate,4,3,9,16,Y,6
18,"Blackshaw et al., 2015",50.099254,-112.150692,B,4,4,sW,Db-Po-sW-Be-sW,sW,1,5,1,4,RM,tilled,herbicides,community,germination,N,N,pooled,0,9,1,20,NA,NA,NA,-2.5455312716044354,-0.8525749174880474,12,4,RM-avg,herb_Y,herb,temperate,temperate,4,3,9,20,Y,2
18,"Blackshaw et al., 2015",50.099254,-112.150692,B,4,4,sW,Db-Po-sW-Be-sW,sW,1,5,1,4,RM,tilled,herbicides,community,NA,N,N,pooled,0,9,1,20,NA,NA,NA,-0.3448404862917295,NA,11,4,RM-avg,herb_Y,herb,temperate,temperate,4,3,9,20,Y,2
18,"Blackshaw et al., 2015",50.099254,-112.150692,B,4,8,sW,Po-Db-sW,sW,1,3,1,3,RM,tilled,herbicides,community,germination,N,N,pooled,0,4,1,9,NA,NA,NA,-3.2386784521643803,-0.9384645893684771,12,4,RM-avg,herb_Y,herb,temperate,temperate,3,2,4,9,Y,2
18,"Blackshaw et al., 2015",50.099254,-112.150692,B,4,8,sW,Po-Db-sW,sW,1,3,1,3,RM,tilled,herbicides,community,NA,N,N,pooled,0,4,1,9,NA,NA,NA,-0.5160797850504732,NA,11,20,RM-avg,herb_Y,herb,temperate,temperate,3,2,4,9,Y,10
19,"Anderson, 2007",44.311964,-96.79755,D,4,4,Sb,sR-W-Sb-Sb,Sb,1,4,1,3,LAST,tilled,herbicides,single species,NA,N,N,3.5,0,4,1,12,0,6.164414002968976,NA,-1.2992829841302609,NA,3.5,4,LAST,herb_Y,herb,temperate,temperate,3,2,4,12,Y,2
19,"Anderson, 2007",44.311964,-96.79755,D,4,4,Sb,W-Sb-Sb-Sb,Sb,1,4,1,2,LAST,tilled,herbicides,single species,NA,N,N,3.5,0,1,1,8,0,6.531972647421808,NA,-0.45198512374305744,NA,3.5,4,LAST,herb_Y,herb,temperate,temperate,2,1,1,8,Y,2
20,"Chikoye et al., 2008",7.379954,3.939541,A,4,4,M,Cp/Sb-Cp/Sb-M,M,1,3,1,3,RM,tilled,herbicides,community,NA,N,N,6,0,4,1,9,0,NA,0,-0.005089069507471293,NA,6,4,RM-last,herb_Y,herb,tropical,sub/tropical,3,2,4,9,Y,2
20,"Chikoye et al., 2008",7.379954,3.939541,A,4,4,M,Flm-Flm-M,M,1,3,1,3,RM,tilled,herbicides,community,NA,N,N,6,0,2,1,9,0,NA,-1.0704414117014134,-0.8288564324844808,NA,6,4,RM-last,herb_Y,herb,tropical,sub/tropical,3,2,2,9,Y,2
20,"Chikoye et al., 2008",7.379954,3.939541,A,4,4,M,Sb-Sb-M,M,1,3,1,2,RM,tilled,herbicides,community,NA,N,N,6,0,2,1,6,0,NA,-0.1811793522151776,-0.1474052916877267,NA,6,4,RM-last,herb_Y,herb,tropical,sub/tropical,2,1,2,6,Y,2
20,"Chikoye et al., 2008",11.086974,7.720288,A,4,4,M,Cp/Sb-Cp/Sb-M,M,1,3,1,3,RM,tilled,herbicides,community,NA,N,N,6,0,4,1,9,0,NA,-0.5822845877481356,-0.13176927763112334,NA,6,4,RM-last,herb_Y,herb,tropical,sub/tropical,3,2,4,9,Y,2
20,"Chikoye et al., 2008",11.086974,7.720288,A,4,4,M,Flm-Flm-M,M,1,3,1,3,RM,tilled,herbicides,community,NA,N,N,6,0,2,1,9,0,NA,-0.9513820516854252,-0.6567795363890705,NA,6,4,RM-last,herb_Y,herb,tropical,sub/tropical,3,2,2,9,Y,2
20,"Chikoye et al., 2008",11.086974,7.720288,A,4,4,M,Sb-Sb-M,M,1,3,1,2,RM,tilled,herbicides,community,NA,N,N,6,0,2,1,6,0,NA,-0.8178506590609026,-0.13647516866853598,NA,6,4,RM-last,herb_Y,herb,tropical,sub/tropical,2,1,2,6,Y,2
21,"Anderson and Beck, 2007",44.355357,-100.367791,D,4,4,F-W,Ch-W,W,2,2,1,2,LAST,NT,herbicides,community,NA,N,Y,12,0,1,2,4,0,11.313708498984761,NA,0.598836501088704,NA,12,4,LAST,herb_Y,herb,temperate,temperate,2,1,1,2,Y,2
21,"Anderson and Beck, 2007",44.355357,-100.367791,D,4,4,F-W,M-Ch-W,W,2,3,1,3,LAST,NT,herbicides,community,NA,N,Y,12,0,4,2,9,0,8,NA,-0.6348782724359695,NA,12,4,LAST,herb_Y,herb,temperate,temperate,3,2,4,4.5,Y,2
21,"Anderson and Beck, 2007",44.355357,-100.367791,D,4,4,F-W,M-F-W,W,2,3,1,3,LAST,NT,herbicides,community,NA,N,Y,12,0,4,2,9,0,2.8284271247461903,NA,-1.8325814637483102,NA,12,4,LAST,herb_Y,herb,temperate,temperate,3,2,4,4.5,Y,2
21,"Anderson and Beck, 2007",44.355357,-100.367791,D,4,4,F-W,M-Fp-W,W,2,3,1,3,LAST,NT,herbicides,community,NA,N,Y,12,0,4,2,9,0,7.54983443527075,NA,-1.8971199848858813,NA,12,4,LAST,herb_Y,herb,temperate,temperate,3,2,4,4.5,Y,2
21,"Anderson and Beck, 2007",44.355357,-100.367791,D,4,4,F-W,M-Sb-Fp-W,W,2,4,1,4,LAST,NT,herbicides,community,NA,N,Y,12,0,9,2,16,0,6.27162924074226,NA,-2.4079456086518722,NA,12,4,LAST,herb_Y,herb,temperate,temperate,4,3,9,8,Y,2
22,"Cathcart et al., 2006",51.045435,-113.396043,D,3,3,sR,sR-sR-sW-sW-sR,sR,1,4,1,2,LAST,tilled,herbicides,community,NA,N,N,4,0,2,1,8,0,0,NA,-0.2825669717850105,NA,4,3,LAST,herb_Y,herb,temperate,temperate,2,1,2,8,Y,1.5
22,"Cathcart et al., 2006",51.045435,-113.396043,D,3,3,sR,sR-sW-sR-sW-sR,sR,1,2,1,2,LAST,tilled,herbicides,community,NA,N,N,4,0,2,1,4,0,0,NA,-0.4367176516122688,NA,4,3,LAST,herb_Y,herb,temperate,temperate,2,1,2,4,Y,1.5
22,"Cathcart et al., 2006",51.045435,-113.396043,D,3,3,sR,sR-sW-sW-sW-sR,sR,1,4,1,2,LAST,tilled,herbicides,community,NA,N,N,4,0,3,1,8,0,0,NA,-0.14903557916048782,NA,4,3,LAST,herb_Y,herb,temperate,temperate,2,1,3,8,Y,1.5
23,"White et al., 2004",38.879959,-99.327116,C,4,4,F-W,So-F-W,W,2,3,1,3,RM,tilled,herbicides,single species,NA,N,Y,pooled,0,4,2,9,0,1.4142135623730951,NA,-0.9019091337754871,NA,27,28,RM-avg,herb_Y,herb,temperate,temperate,3,2,4,4.5,Y,14
23,"White et al., 2004",38.879959,-99.327116,C,4,4,F-W,So-Su-F-W,W,2,4,1,4,RM,tilled,herbicides,single species,NA,N,Y,pooled,0,9,2,16,0,3,NA,-0.9269151699951811,NA,27,28,RM-avg,herb_Y,herb,temperate,temperate,4,3,9,8,Y,14
24,"Porter et al., 2003",44.231538,-95.26451,D,3,12,M-Sb,O/A-A-M-Sb,Sb,2,4,2,4,LAST,tilled,herb/mech,community,NA,Y,N,6,0,4,4,16,0,7.234178138070235,NA,-0.6182458723868276,NA,6,3,LAST,herb_Y,herb,temperate,temperate,2,2,4,4,N,1.5
24,"Porter et al., 2003",44.231538,-95.26451,D,3,12,M-Sb,O/A-A-M-Sb,Sb,2,4,2,4,LAST,tilled,mechanical,community,NA,Y,N,6,0,4,4,16,0,7.234178138070235,NA,-0.5115246800684886,NA,6,3,LAST,herb_N,mech,temperate,temperate,2,2,4,4,N,1.5
24,"Porter et al., 2003",44.231538,-95.26451,D,3,12,Sb-M,Sb-O/A-A-M,M,2,4,2,4,LAST,tilled,herb/mech,community,NA,Y,N,6,0,4,4,16,0,7.234178138070235,NA,-1.21102185626335,NA,6,3,LAST,herb_Y,herb,temperate,temperate,2,2,4,4,N,1.5
24,"Porter et al., 2003",44.231538,-95.26451,D,3,12,Sb-M,Sb-O/A-A-M,M,2,4,2,4,LAST,tilled,mechanical,community,NA,Y,N,6,0,4,4,16,0,7.234178138070235,NA,-0.9062492487510571,NA,6,3,LAST,herb_N,mech,temperate,temperate,2,2,4,4,N,1.5
25,"Barberi and Lo Cascio, 2001",42.403178,11.892842,C,4,4,W,Fa-W,W,1,2,1,2,LAST,IC,herbicides,community,NA,N,N,12,0,1,1,4,0,8.48528137423857,NA,-0.03252319170556006,NA,12,4,LAST,herb_Y,herb,temperate,temperate,2,1,1,4,Y,2
26,"Blackshaw et al., 2001",49.693913,-112.841842,B,6,6,W,Fl-W,W,1,2,1,2,AVG,NT,herbicides,community,NA,N,N,4.5,0,1,1,4,NA,NA,NA,-2.9755295662364714,NA,4.5,6,AVG,herb_Y,herb,temperate,temperate,2,1,1,4,Y,3
26,"Blackshaw et al., 2001",49.693913,-112.841842,B,6,12,W,Fl-W,W,1,2,1,2,AVG,tilled,herbicides,community,NA,N,N,4.5,0,1,1,4,NA,NA,NA,-1.001448540214462,NA,4.5,6,AVG,herb_Y,herb,temperate,temperate,2,1,1,4,Y,3
26,"Blackshaw et al., 2001",49.693913,-112.841842,B,6,6,W,Fl-W,W,2,2,1,2,AVG,NT,herbicides,community,NA,N,Y,4.5,0,1,2,4,NA,NA,NA,-0.1823215567939546,NA,4.5,6,AVG,herb_Y,herb,temperate,temperate,2,1,1,2,Y,3
26,"Blackshaw et al., 2001",49.693913,-112.841842,B,6,12,W,Fl-W,W,2,2,1,2,AVG,tilled,herbicides,community,NA,N,Y,4.5,0,1,2,4,NA,NA,NA,-0.15415067982725836,NA,4.5,6,AVG,herb_Y,herb,temperate,temperate,2,1,1,2,Y,3
26,"Blackshaw et al., 2001",49.693913,-112.841842,B,6,6,W,sR-W,W,1,2,1,2,AVG,NT,herbicides,community,NA,N,N,4.5,0,1,1,4,NA,NA,NA,-1.8769172775683618,NA,4.5,6,AVG,herb_Y,herb,temperate,temperate,2,1,1,4,Y,3
26,"Blackshaw et al., 2001",49.693913,-112.841842,B,6,12,W,sR-W,W,1,2,1,2,AVG,tilled,herbicides,community,NA,N,N,4.5,0,1,1,4,NA,NA,NA,-1.589235205116581,NA,4.5,6,AVG,herb_Y,herb,temperate,temperate,2,1,1,4,Y,3
26,"Blackshaw et al., 2001",49.693913,-112.841842,B,6,6,W,sR-W,W,2,2,1,2,AVG,NT,herbicides,community,NA,N,Y,4.5,0,1,2,4,NA,NA,NA,0.9162907318741551,NA,4.5,6,AVG,herb_Y,herb,temperate,temperate,2,1,1,2,Y,3
26,"Blackshaw et al., 2001",49.693913,-112.841842,B,6,12,W,sR-W,W,2,2,1,2,AVG,tilled,herbicides,community,NA,N,Y,4.5,0,1,2,4,NA,NA,NA,-0.7419373447293773,NA,4.5,6,AVG,herb_Y,herb,temperate,temperate,2,1,1,2,Y,3
27,"Singer et al., 2000",42.642558,-77.147832,D,2,2,M,Sb-M,M,1,2,1,2,RM,tilled,herbicides,community,NA,Y,N,4,0,1,1,4,0,0,NA,0.9555114450274363,NA,4,2,RM-last,herb_Y,herb,temperate,temperate,2,1,1,4,Y,1
27,"Singer et al., 2000",42.642558,-77.147832,D,2,2,M,Sb-M,M,1,2,1,2,RM,tilled,none,community,NA,Y,N,4,0,1,1,4,0,0,NA,0.732539582270606,NA,4,2,RM-last,herb_N,none,temperate,temperate,2,1,1,4,Y,1
27,"Singer et al., 2000",42.642558,-77.147832,D,2,2,M,Sb-W/RCl-M,M,1,3,1,4,RM,tilled,herbicides,community,NA,Y,N,4,0,8,1,12,0,7,NA,2.2925347571405443,NA,4,2,RM-last,herb_Y,herb,temperate,temperate,4,3,8,12,Y,1
27,"Singer et al., 2000",42.642558,-77.147832,D,2,2,M,Sb-W/RCl-M,M,1,3,1,4,RM,tilled,none,community,NA,Y,N,4,0,8,1,12,0,7,NA,0.9812755819635677,NA,4,2,RM-last,herb_N,none,temperate,temperate,4,3,8,12,Y,1
27,"Singer et al., 2000",42.765168,-76.870039,D,2,2,M,Sb-M,M,1,2,1,2,RM,tilled,herbicides,community,NA,Y,N,4,0,1,1,4,0,0,NA,-1.0986122886681096,NA,4,2,RM-last,herb_Y,herb,temperate,temperate,2,1,1,4,Y,1
27,"Singer et al., 2000",42.765168,-76.870039,D,2,2,M,Sb-M,M,1,2,1,2,RM,tilled,none,community,NA,Y,N,4,0,1,1,4,0,0,NA,-2.001480000210124,NA,4,2,RM-last,herb_N,none,temperate,temperate,2,1,1,4,Y,1
27,"Singer et al., 2000",42.765168,-76.870039,D,2,2,M,Sb-W/RCl-M,M,1,3,1,4,RM,tilled,herbicides,community,NA,Y,N,4,0,8,1,12,0,7,NA,0.8472978603872037,NA,4,2,RM-last,herb_Y,herb,temperate,temperate,4,3,8,12,Y,1
27,"Singer et al., 2000",42.765168,-76.870039,D,2,2,M,Sb-W/RCl-M,M,1,3,1,4,RM,tilled,none,community,NA,Y,N,4,0,8,1,12,0,7,NA,-1.4792906177938183,NA,4,2,RM-last,herb_N,none,temperate,temperate,4,3,8,12,Y,1
27,"Singer et al., 2000",42.76525,-76.548483,D,2,2,M,Sb-M,M,1,2,1,2,RM,tilled,herbicides,community,NA,Y,N,4,0,1,1,4,0,0,NA,-0.5389965007326869,NA,4,2,RM-last,herb_Y,herb,temperate,temperate,2,1,1,4,Y,1
27,"Singer et al., 2000",42.76525,-76.548483,D,2,2,M,Sb-M,M,1,2,1,2,RM,tilled,none,community,NA,Y,N,4,0,1,1,4,0,0,NA,0.9893038800026984,NA,4,2,RM-last,herb_N,none,temperate,temperate,2,1,1,4,Y,1
27,"Singer et al., 2000",42.76525,-76.548483,D,2,2,M,Sb-W/RCl-M,M,1,3,1,4,RM,tilled,herbicides,community,NA,Y,N,4,0,8,1,12,0,7,NA,-1.2321436812926323,NA,4,2,RM-last,herb_Y,herb,temperate,temperate,4,3,8,12,Y,1
27,"Singer et al., 2000",42.76525,-76.548483,D,2,2,M,Sb-W/RCl-M,M,1,3,1,4,RM,tilled,none,community,NA,Y,N,4,0,8,1,12,0,7,NA,0.6123062820764376,NA,4,2,RM-last,herb_N,none,temperate,temperate,4,3,8,12,Y,1
27,"Singer et al., 2000",43.154907,-78.203586,D,2,2,M,Sb-M,M,1,2,1,2,RM,tilled,herbicides,community,NA,Y,N,4,0,1,1,4,0,0,NA,-0.060624621816434736,NA,4,2,RM-last,herb_Y,herb,temperate,temperate,2,1,1,4,Y,1
27,"Singer et al., 2000",43.154907,-78.203586,D,2,2,M,Sb-M,M,1,2,1,2,RM,tilled,none,community,NA,Y,N,4,0,1,1,4,0,0,NA,-0.28625247964218653,NA,4,2,RM-last,herb_N,none,temperate,temperate,2,1,1,4,Y,1
27,"Singer et al., 2000",43.154907,-78.203586,D,2,2,M,Sb-W/RCl-M,M,1,3,1,4,RM,tilled,herbicides,community,NA,Y,N,4,0,8,1,12,0,7,NA,1.3099213823353166,NA,4,2,RM-last,herb_Y,herb,temperate,temperate,4,3,8,12,Y,1
27,"Singer et al., 2000",43.154907,-78.203586,D,2,2,M,Sb-W/RCl-M,M,1,3,1,4,RM,tilled,none,community,NA,Y,N,4,0,8,1,12,0,7,NA,0.9640585056058947,NA,4,2,RM-last,herb_N,none,temperate,temperate,4,3,8,12,Y,1
28,"Doucet et al., 1999",42.229839,-82.842511,D,3,6,M,Sb-M,M,1,2,1,2,LAST,tilled,herbicides,community,NA,N,N,10,0,1,1,4,0,1.4142135623730951,NA,0.028791150384011425,NA,10,3,LAST,herb_Y,herb,temperate,temperate,2,1,1,4,Y,1.5
28,"Doucet et al., 1999",42.229839,-82.842511,D,3,6,M,Sb-M,M,1,2,1,2,LAST,tilled,mechanical,community,NA,N,N,10,0,1,1,4,0,1.4142135623730951,NA,-0.37157043782142263,NA,10,3,LAST,herb_N,mech,temperate,temperate,2,1,1,4,Y,1.5
28,"Doucet et al., 1999",42.229839,-82.842511,D,3,6,M,Sb-M,M,1,2,1,2,LAST,tilled,none,community,NA,N,N,10,0,1,1,4,0,1.4142135623730951,NA,-0.23708957563097932,NA,10,3,LAST,herb_N,none,temperate,temperate,2,1,1,4,Y,1.5
28,"Doucet et al., 1999",42.229839,-82.842511,D,3,3,M,Sb-W-M,M,1,3,1,3,LAST,tilled,herbicides,community,NA,N,N,10,0,4,1,9,0,4.58257569495584,NA,0.137817725805208,NA,10,3,LAST,herb_Y,herb,temperate,temperate,3,2,4,9,Y,1.5
28,"Doucet et al., 1999",42.229839,-82.842511,D,3,6,M,Sb-W-M,M,1,3,1,3,LAST,tilled,herbicides,community,NA,N,N,10,0,4,1,9,0,7.54983443527075,NA,0.024329347109171562,NA,10,3,LAST,herb_Y,herb,temperate,temperate,3,2,4,9,Y,1.5
28,"Doucet et al., 1999",42.229839,-82.842511,D,3,3,M,Sb-W-M,M,1,3,1,3,LAST,tilled,mechanical,community,NA,N,N,10,0,4,1,9,0,4.58257569495584,NA,-0.059833577769063215,NA,10,3,LAST,herb_N,mech,temperate,temperate,3,2,4,9,Y,1.5
28,"Doucet et al., 1999",42.229839,-82.842511,D,3,6,M,Sb-W-M,M,1,3,1,3,LAST,tilled,mechanical,community,NA,N,N,10,0,4,1,9,0,7.54983443527075,NA,-0.32841231964411255,NA,10,3,LAST,herb_N,mech,temperate,temperate,3,2,4,9,Y,1.5
28,"Doucet et al., 1999",42.229839,-82.842511,D,3,3,M,Sb-W-M,M,1,3,1,3,LAST,tilled,none,community,NA,N,N,10,0,4,1,9,0,4.58257569495584,NA,-0.5643958980777696,NA,10,3,LAST,herb_N,none,temperate,temperate,3,2,4,9,Y,1.5
28,"Doucet et al., 1999",42.229839,-82.842511,D,3,6,M,Sb-W-M,M,1,3,1,3,LAST,tilled,none,community,NA,N,N,10,0,4,1,9,0,7.54983443527075,NA,-0.27223001865750296,NA,10,3,LAST,herb_N,none,temperate,temperate,3,2,4,9,Y,1.5
28,"Doucet et al., 1999",42.229839,-82.842511,D,3,6,Sb,M-Sb,Sb,1,2,1,2,LAST,tilled,herbicides,community,NA,N,N,10,0,1,1,4,0,1.4142135623730951,NA,0.33302798011926005,NA,10,3,LAST,herb_Y,herb,temperate,temperate,2,1,1,4,Y,1.5
28,"Doucet et al., 1999",42.229839,-82.842511,D,3,6,Sb,M-Sb,Sb,1,2,1,2,LAST,tilled,mechanical,community,NA,N,N,10,0,1,1,4,0,1.4142135623730951,NA,1.3687901514450733,NA,10,3,LAST,herb_N,mech,temperate,temperate,2,1,1,4,Y,1.5
28,"Doucet et al., 1999",42.229839,-82.842511,D,3,6,Sb,M-Sb,Sb,1,2,1,2,LAST,tilled,none,community,NA,N,N,10,0,1,1,4,0,1.4142135623730951,NA,0.384972881390823,NA,10,3,LAST,herb_N,none,temperate,temperate,2,1,1,4,Y,1.5
28,"Doucet et al., 1999",42.229839,-82.842511,D,3,3,Sb,W-M-Sb,Sb,1,3,1,3,LAST,tilled,herbicides,community,NA,N,N,10,0,4,1,9,0,4.58257569495584,NA,0.4420545555404565,NA,10,3,LAST,herb_Y,herb,temperate,temperate,3,2,4,9,Y,1.5
28,"Doucet et al., 1999",42.229839,-82.842511,D,3,6,Sb,W-M-Sb,Sb,1,3,1,3,LAST,tilled,herbicides,community,NA,N,N,10,0,4,1,9,0,7.54983443527075,NA,0.3285661768444201,NA,10,3,LAST,herb_Y,herb,temperate,temperate,3,2,4,9,Y,1.5
28,"Doucet et al., 1999",42.229839,-82.842511,D,3,3,Sb,W-M-Sb,Sb,1,3,1,3,LAST,tilled,mechanical,community,NA,N,N,10,0,4,1,9,0,4.58257569495584,NA,1.0708202713384511,NA,10,3,LAST,herb_N,mech,temperate,temperate,3,2,4,9,Y,1.5
28,"Doucet et al., 1999",42.229839,-82.842511,D,3,6,Sb,W-M-Sb,Sb,1,3,1,3,LAST,tilled,mechanical,community,NA,N,N,10,0,4,1,9,0,7.54983443527075,NA,1.0499989435248656,NA,10,3,LAST,herb_N,mech,temperate,temperate,3,2,4,9,Y,1.5
28,"Doucet et al., 1999",42.229839,-82.842511,D,3,3,Sb,W-M-Sb,Sb,1,3,1,3,LAST,tilled,none,community,NA,N,N,10,0,4,1,9,0,4.58257569495584,NA,0.05766655894403276,NA,10,3,LAST,herb_N,none,temperate,temperate,3,2,4,9,Y,1.5
28,"Doucet et al., 1999",42.229839,-82.842511,D,3,6,Sb,W-M-Sb,Sb,1,3,1,3,LAST,tilled,none,community,NA,N,N,10,0,4,1,9,0,7.54983443527075,NA,0.3498324383642992,NA,10,3,LAST,herb_N,none,temperate,temperate,3,2,4,9,Y,1.5
28,"Doucet et al., 1999",42.229839,-82.842511,D,3,6,Sb,W-Sb,Sb,1,2,1,2,LAST,tilled,herbicides,community,NA,N,N,10,0,1,1,4,0,11.313708498984761,NA,-0.4749849595959398,NA,10,3,LAST,herb_Y,herb,temperate,temperate,2,1,1,4,Y,1.5
28,"Doucet et al., 1999",42.229839,-82.842511,D,3,6,Sb,W-Sb,Sb,1,2,1,2,LAST,tilled,mechanical,community,NA,N,N,10,0,1,1,4,0,11.313708498984761,NA,1.3183903244506696,NA,10,3,LAST,herb_N,mech,temperate,temperate,2,1,1,4,Y,1.5
28,"Doucet et al., 1999",42.229839,-82.842511,D,3,6,Sb,W-Sb,Sb,1,2,1,2,LAST,tilled,none,community,NA,N,N,10,0,1,1,4,0,11.313708498984761,NA,0.1599091439894528,NA,10,3,LAST,herb_N,none,temperate,temperate,2,1,1,4,Y,1.5
28,"Doucet et al., 1999",42.229839,-82.842511,D,3,3,W,M-Sb-W,W,1,3,1,3,LAST,tilled,herbicides,community,NA,N,N,10,0,4,1,9,0,4.58257569495584,NA,1.368489736486384,NA,10,3,LAST,herb_Y,herb,temperate,temperate,3,2,4,9,Y,1.5
28,"Doucet et al., 1999",42.229839,-82.842511,D,3,6,W,M-Sb-W,W,1,3,1,3,LAST,tilled,herbicides,community,NA,N,N,10,0,4,1,9,0,7.54983443527075,NA,1.2550013577903476,NA,10,3,LAST,herb_Y,herb,temperate,temperate,3,2,4,9,Y,1.5
28,"Doucet et al., 1999",42.229839,-82.842511,D,3,3,W,M-Sb-W,W,1,3,1,3,LAST,tilled,mechanical,community,NA,N,N,10,0,4,1,9,0,4.58257569495584,NA,0.5348492682462406,NA,10,3,LAST,herb_N,mech,temperate,temperate,3,2,4,9,Y,1.5
28,"Doucet et al., 1999",42.229839,-82.842511,D,3,6,W,M-Sb-W,W,1,3,1,3,LAST,tilled,mechanical,community,NA,N,N,10,0,4,1,9,0,7.54983443527075,NA,0.514027940432655,NA,10,3,LAST,herb_N,mech,temperate,temperate,3,2,4,9,Y,1.5
28,"Doucet et al., 1999",42.229839,-82.842511,D,3,3,W,M-Sb-W,W,1,3,1,3,LAST,tilled,none,community,NA,N,N,10,0,4,1,9,0,4.58257569495584,NA,0.237353292064173,NA,10,3,LAST,herb_N,none,temperate,temperate,3,2,4,9,Y,1.5
28,"Doucet et al., 1999",42.229839,-82.842511,D,3,6,W,M-Sb-W,W,1,3,1,3,LAST,tilled,none,community,NA,N,N,10,0,4,1,9,0,7.54983443527075,NA,0.5295191714844396,NA,10,3,LAST,herb_N,none,temperate,temperate,3,2,4,9,Y,1.5
28,"Doucet et al., 1999",42.229839,-82.842511,D,3,6,W,Sb-W,W,1,2,1,2,LAST,tilled,herbicides,community,NA,N,N,10,0,1,1,4,0,11.313708498984761,NA,0.45145022134998775,NA,10,3,LAST,herb_Y,herb,temperate,temperate,2,1,1,4,Y,1.5
28,"Doucet et al., 1999",42.229839,-82.842511,D,3,6,W,Sb-W,W,1,2,1,2,LAST,tilled,mechanical,community,NA,N,N,10,0,1,1,4,0,11.313708498984761,NA,0.782419321358459,NA,10,3,LAST,herb_N,mech,temperate,temperate,2,1,1,4,Y,1.5
28,"Doucet et al., 1999",42.229839,-82.842511,D,3,6,W,Sb-W,W,1,2,1,2,LAST,tilled,none,community,NA,N,N,10,0,1,1,4,0,11.313708498984761,NA,0.3395958771095932,NA,10,3,LAST,herb_N,none,temperate,temperate,2,1,1,4,Y,1.5
28,"Doucet et al., 1999",42.229839,-82.842511,D,3,3,M,Sb-M,M,1,2,1,2,RM,tilled,herbicides,community,NA,N,N,pooled,0,1,1,4,0,1.4142135623730951,NA,-0.7962544348358302,NA,10,18,RM-avg,herb_Y,herb,temperate,temperate,2,1,1,4,Y,9
28,"Doucet et al., 1999",42.229839,-82.842511,D,3,3,M,Sb-M,M,1,2,1,2,RM,tilled,none,community,NA,N,N,pooled,0,1,1,4,0,1.4142135623730951,NA,-0.32858506011549654,NA,10,18,RM-avg,herb_N,none,temperate,temperate,2,1,1,4,Y,9
28,"Doucet et al., 1999",42.229839,-82.842511,D,3,3,M,Sb-W-M,M,1,3,1,3,RM,tilled,herbicides,community,NA,N,N,pooled,0,4,1,9,0,4.58257569495584,NA,0.356140446860183,NA,10,12,RM-avg,herb_Y,herb,temperate,temperate,3,2,4,9,Y,6
28,"Doucet et al., 1999",42.229839,-82.842511,D,3,3,M,Sb-W-M,M,1,3,1,3,RM,tilled,none,community,NA,N,N,pooled,0,4,1,9,0,4.58257569495584,NA,-0.27537224842092234,NA,10,12,RM-avg,herb_N,none,temperate,temperate,3,2,4,9,Y,6
28,"Doucet et al., 1999",42.229839,-82.842511,D,3,3,Sb,M-Sb,Sb,1,2,1,2,RM,tilled,herbicides,community,NA,N,N,pooled,0,1,1,4,0,1.4142135623730951,NA,0.9662004808121335,NA,10,18,RM-avg,herb_Y,herb,temperate,temperate,2,1,1,4,Y,9
28,"Doucet et al., 1999",42.229839,-82.842511,D,3,3,Sb,M-Sb,Sb,1,2,1,2,RM,tilled,none,community,NA,N,N,pooled,0,1,1,4,0,1.4142135623730951,NA,0.042041413245605064,NA,10,18,RM-avg,herb_N,none,temperate,temperate,2,1,1,4,Y,9
28,"Doucet et al., 1999",42.229839,-82.842511,D,3,3,Sb,W-M-Sb,Sb,1,3,1,3,RM,tilled,herbicides,community,NA,N,N,pooled,0,4,1,9,0,7.54983443527075,NA,0.9929825490241527,NA,10,12,RM-avg,herb_Y,herb,temperate,temperate,3,2,4,9,Y,6
28,"Doucet et al., 1999",42.229839,-82.842511,D,3,3,Sb,W-M-Sb,Sb,1,3,1,3,RM,tilled,none,community,NA,N,N,pooled,0,4,1,9,0,7.54983443527075,NA,0.14999658184021664,NA,10,12,RM-avg,herb_N,none,temperate,temperate,3,2,4,9,Y,6
28,"Doucet et al., 1999",42.229839,-82.842511,D,3,3,W,M-Sb-W,W,1,3,1,3,RM,tilled,herbicides,community,NA,N,N,pooled,0,4,1,9,0,7.54983443527075,NA,-1.8556192563558838,NA,10,12,RM-avg,herb_Y,herb,temperate,temperate,3,2,4,9,Y,6
28,"Doucet et al., 1999",42.229839,-82.842511,D,3,3,W,M-Sb-W,W,1,3,1,3,RM,tilled,none,community,NA,N,N,pooled,0,4,1,9,0,7.54983443527075,NA,0.18721741610995007,NA,10,12,RM-avg,herb_N,none,temperate,temperate,3,2,4,9,Y,6
28,"Doucet et al., 1999",42.229839,-82.842511,D,3,3,W,Sb-W,W,1,2,1,2,RM,tilled,herbicides,community,NA,N,N,pooled,0,1,1,4,0,11.313708498984761,NA,-0.9461743477550657,NA,10,18,RM-avg,herb_Y,herb,temperate,temperate,2,1,1,4,Y,9
28,"Doucet et al., 1999",42.229839,-82.842511,D,3,3,W,Sb-W,W,1,2,1,2,RM,tilled,none,community,NA,N,N,pooled,0,1,1,4,0,11.313708498984761,NA,0.3241939258556026,NA,10,18,RM-avg,herb_N,none,temperate,temperate,2,1,1,4,Y,9
29,"Legere et al., 2005",47.369377,-70.034259,D,4,4,sB,RCl-sB/RCl,sB,1,2,1,2,RM,IC,herbicides,community,germination,Y,N,pooled,0,1.5,1,4,0,0,NA,-1.3387988686761054,0,6,8,RM-avg,herb_Y,herb,temperate,temperate,2,1,1.5,4,Y,4
30,"Santin-Montanya et al., 2016",40.535421,-3.330587,C,4,8,B,F-Fp-B,B,1,3,1,2,LAST,IC,herbicides,community,germination,N,N,12,0,4,1,6,0,1.4142135623730951,NA,-2.35929762869693,0.37538765287088643,12,4,LAST,herb_Y,herb,temperate,temperate,2,1,4,6,Y,2
30,"Santin-Montanya et al., 2016",40.535421,-3.330587,C,4,4,B,F-Fp-B,B,1,3,1,2,LAST,NT,herbicides,community,germination,N,N,12,0,4,1,6,0,1.4142135623730951,NA,NA,0.11966097048058369,12,4,LAST,herb_Y,herb,temperate,temperate,2,1,4,6,Y,2
30,"Santin-Montanya et al., 2016",40.535421,-3.330587,C,4,8,B,F-Fp-B,B,1,3,1,2,LAST,tilled,herbicides,community,germination,N,N,12,0,4,1,6,0,1.4142135623730951,NA,NA,0.5225116134294346,12,4,LAST,herb_Y,herb,temperate,temperate,2,1,4,6,Y,2
31,"VanGessel et al., 2004",39.179746,-76.182421,C,4,4,M,Sb-M,M,1,2,1,2,LAST,IC,herbicides,community,germination,N,N,6,0,1,1,4,0,7.0710678118654755,NA,NA,0.3241517522331723,6,4,LAST,herb_Y,herb,temperate,temperate,2,1,1,4,Y,2
31,"VanGessel et al., 2004",39.179746,-76.182421,C,4,4,M,Sb-M,M,1,2,1,2,LAST,IC,herbicides,community,NA,N,N,6,0,1,1,4,0,7.0710678118654755,NA,-0.09844007281325252,NA,6,4,LAST,herb_Y,herb,temperate,temperate,2,1,1,4,Y,2
31,"VanGessel et al., 2004",39.179746,-76.182421,C,4,4,M,Sb-W-M,M,1,3,1,3,LAST,IC,herbicides,community,germination,N,N,6,0,4,1,9,0,6.557438524302,NA,NA,-0.011494379425735134,6,4,LAST,herb_Y,herb,temperate,temperate,3,2,4,9,Y,2
31,"VanGessel et al., 2004",39.179746,-76.182421,C,4,4,M,Sb-W-M,M,1,3,1,3,LAST,IC,herbicides,community,NA,N,N,6,0,4,1,9,0,6.557438524302,NA,-0.40546510810816444,NA,6,4,LAST,herb_Y,herb,temperate,temperate,3,2,4,9,Y,2
31,"VanGessel et al., 2004",39.179746,-76.182421,C,4,4,M,W/Sb-M,M,1,2,1,3,LAST,IC,herbicides,community,germination,N,N,6,0,2,1,6,0,8.717797887081348,NA,NA,-0.10854016857520601,6,4,LAST,herb_Y,herb,temperate,temperate,3,2,2,6,Y,2
31,"VanGessel et al., 2004",39.179746,-76.182421,C,4,4,M,W/Sb-M,M,1,2,1,3,LAST,IC,herbicides,community,NA,N,N,6,0,2,1,6,0,8.717797887081348,NA,-0.16989903679539747,NA,6,4,LAST,herb_Y,herb,temperate,temperate,3,2,2,6,Y,2
32,"Cardina et al., 2002",40.781866,-81.930794,D,3,3,M,O/Flm-Flm-M,M,1,3,1,3,AVG,IC,herbicides,community,germination,Y,N,36,0,4,1,9,0,8.48528137423857,NA,NA,1.7738699044772799,36,3,AVG,herb_Y,herb,temperate,temperate,3,2,4,9,Y,1.5
32,"Cardina et al., 2002",40.781866,-81.930794,D,3,3,M,O/Flm-Flm-M,M,1,3,1,3,AVG,NT,herbicides,community,germination,Y,N,36,0,4,1,9,0,8.48528137423857,NA,NA,-0.49664973152301684,36,3,AVG,herb_Y,herb,temperate,temperate,3,2,4,9,Y,1.5
32,"Cardina et al., 2002",40.781866,-81.930794,D,3,6,M,O/Flm-Flm-M,M,1,3,1,3,AVG,tilled,herbicides,community,germination,Y,N,36,0,4,1,9,0,8.48528137423857,NA,NA,0.6999731456303452,36,3,AVG,herb_Y,herb,temperate,temperate,3,2,4,9,Y,1.5
32,"Cardina et al., 2002",40.781866,-81.930794,D,3,3,M,Sb-M,M,1,2,1,2,AVG,IC,herbicides,community,germination,N,N,36,0,1,1,4,0,0,NA,NA,0.5686930060865394,36,3,AVG,herb_Y,herb,temperate,temperate,2,1,1,4,Y,1.5
32,"Cardina et al., 2002",40.781866,-81.930794,D,3,3,M,Sb-M,M,1,2,1,2,AVG,NT,herbicides,community,germination,N,N,36,0,1,1,4,0,0,NA,NA,-0.518927880616745,36,3,AVG,herb_Y,herb,temperate,temperate,2,1,1,4,Y,1.5
32,"Cardina et al., 2002",40.781866,-81.930794,D,3,6,M,Sb-M,M,1,2,1,2,AVG,tilled,herbicides,community,germination,N,N,36,0,1,1,4,0,0,NA,NA,0.4025551081332219,36,3,AVG,herb_Y,herb,temperate,temperate,2,1,1,4,Y,1.5
32,"Cardina et al., 2002",41.233379,-83.789931,D,3,3,M,O/Flm-Flm-M,M,1,3,1,3,AVG,IC,herbicides,community,germination,Y,N,36,0,4,1,9,0,8.48528137423857,NA,NA,1.3609765531356006,36,3,AVG,herb_Y,herb,temperate,temperate,3,2,4,9,Y,1.5
32,"Cardina et al., 2002",41.233379,-83.789931,D,3,3,M,O/Flm-Flm-M,M,1,3,1,3,AVG,NT,herbicides,community,germination,Y,N,36,0,4,1,9,0,8.48528137423857,NA,NA,-0.5986752237720089,36,3,AVG,herb_Y,herb,temperate,temperate,3,2,4,9,Y,1.5
32,"Cardina et al., 2002",41.233379,-83.789931,D,3,6,M,O/Flm-Flm-M,M,1,3,1,3,AVG,tilled,herbicides,community,germination,Y,N,36,0,4,1,9,0,8.48528137423857,NA,NA,1.290066329025337,36,3,AVG,herb_Y,herb,temperate,temperate,3,2,4,9,Y,1.5
32,"Cardina et al., 2002",41.233379,-83.789931,D,3,3,M,Sb-M,M,1,2,1,2,AVG,IC,herbicides,community,germination,N,N,36,0,1,1,4,0,0,NA,NA,-0.7519876805828788,36,3,AVG,herb_Y,herb,temperate,temperate,2,1,1,4,Y,1.5
32,"Cardina et al., 2002",41.233379,-83.789931,D,3,3,M,Sb-M,M,1,2,1,2,AVG,NT,herbicides,community,germination,Y,N,36,0,1,1,4,0,0,NA,NA,-1.648197902243595,36,3,AVG,herb_Y,herb,temperate,temperate,2,1,1,4,Y,1.5
32,"Cardina et al., 2002",41.233379,-83.789931,D,3,6,M,Sb-M,M,1,2,1,2,AVG,tilled,herbicides,community,germination,Y,N,36,0,1,1,4,0,0,NA,NA,-0.873635556272239,36,3,AVG,herb_Y,herb,temperate,temperate,2,1,1,4,Y,1.5
33,"Wozniak and Soroka, 2015",51.30387,23.613546,D,4,4,Tr,Po-Tr-Fp-Tr,Tr,1,4,1,3,LAST,tilled,mechanical,community,NA,N,N,3,0,4,1,12,0,8.082903768654761,-0.21040452553678,-0.15415067982725822,NA,8,4,LAST,herb_N,mech,temperate,temperate,3,2,4,12,Y,2
33,"Wozniak and Soroka, 2015",51.30387,23.613546,D,4,4,Tr,Po-Tr-Fp-Tr,Tr,1,4,1,3,LAST,tilled,mechanical,community,NA,N,N,8,0,4,1,12,0,8.082903768654761,-0.1764564373415564,-0.3881970304760841,NA,8,4,LAST,herb_N,mech,temperate,temperate,3,2,4,12,Y,2
33,"Wozniak and Soroka, 2015",51.30387,23.613546,D,4,4,sTr,Po-sTr-Fp-sTr,sTr,1,4,1,3,LAST,tilled,mechanical,community,NA,N,N,13,0,4,1,12,0,6,-0.3145335139453596,-0.8419680676238559,NA,13,4,LAST,herb_N,mech,temperate,temperate,3,2,4,12,Y,2
33,"Wozniak and Soroka, 2015",51.30387,23.613546,D,4,4,W,Po-W-Fp-W,W,1,4,1,3,LAST,tilled,mechanical,community,NA,N,N,18,0,4,1,12,0,8.082903768654761,-0.22512179132631555,-0.21188035903549898,NA,18,4,LAST,herb_N,mech,temperate,temperate,3,2,4,12,Y,2
33,"Wozniak and Soroka, 2015",51.30387,23.613546,D,4,4,sW,Fp-sW-Fp-sW,sW,1,2,1,2,LAST,tilled,mechanical,community,NA,N,N,23,0,1,1,4,0,6,-0.3107197405187983,-0.48876590570125833,NA,28,4,LAST,herb_N,mech,temperate,temperate,2,1,1,4,Y,2
33,"Wozniak and Soroka, 2015",51.30387,23.613546,D,4,4,sW,Fp-sW-Fp-sW,sW,1,2,1,2,LAST,tilled,mechanical,community,NA,N,N,28,0,1,1,4,0,6,0.01801850550267843,0.10794783922277722,NA,28,4,LAST,herb_N,mech,temperate,temperate,2,1,1,4,Y,2
34,"Demjanová et al., 2009",48.307092,18.093093,C,4,4,M,Fp-W-M,M,1,3,1,3,AVG,IC,herb/mech,community,NA,N,N,3.5,0,4,1,9,0,6.557438524302,NA,-0.4002837493661668,NA,3.5,4,AVG,herb_Y,herb,temperate,temperate,3,2,4,9,Y,2
34,"Demjanová et al., 2009",48.307092,18.093093,C,4,12,M,Fp-W-M,M,1,3,1,3,AVG,tilled,herb/mech,community,NA,N,N,3.5,0,4,1,9,0,6.557438524302,0.13069824693742987,NA,NA,3.5,4,AVG,herb_Y,herb,temperate,temperate,3,2,4,9,Y,2
34,"Demjanová et al., 2009",48.307092,18.093093,C,4,4,M,sB-Fp-W-M,M,1,4,1,4,AVG,IC,herb/mech,community,NA,N,N,3.5,0,9,1,16,0,12.897028081435403,NA,-0.24281631691291466,NA,3.5,4,AVG,herb_Y,herb,temperate,temperate,4,3,9,16,Y,2
34,"Demjanová et al., 2009",48.307092,18.093093,C,4,12,M,sB-Fp-W-M,M,1,4,1,4,AVG,tilled,herb/mech,community,NA,N,N,3.5,0,9,1,16,0,12.897028081435403,0.3888578801228889,NA,NA,3.5,4,AVG,herb_Y,herb,temperate,temperate,4,3,9,16,Y,2
34,"Demjanová et al., 2009",48.307092,18.093093,C,4,4,M,sB-M,M,1,2,1,2,AVG,IC,herb/mech,community,NA,N,N,3.5,0,1,1,4,0,1.4142135623730951,NA,-0.2972515234679316,NA,3.5,4,AVG,herb_Y,herb,temperate,temperate,2,1,1,4,Y,2
34,"Demjanová et al., 2009",48.307092,18.093093,C,4,12,M,sB-M,M,1,2,1,2,AVG,tilled,herb/mech,community,NA,N,N,3.5,0,1,1,4,0,1.4142135623730951,0.3955339036261187,NA,NA,3.5,4,AVG,herb_Y,herb,temperate,temperate,2,1,1,4,Y,2
35,"Sosnoskie et al., 2009",40.781866,-81.930794,D,3,9,M,O/Flm-Flm-M,M,1,3,1,3,RM,IC,herbicides,community,germination,Y,N,pooled,0,4,1,9,0,9.899494936611665,NA,0.18688890594547214,0.7509481793744757,43,9,RM-avg,herb_Y,herb,temperate,temperate,3,2,4,9,Y,4.5
35,"Sosnoskie et al., 2009",40.781866,-81.930794,D,3,6,M,Sb-M,M,1,2,1,2,RM,IC,herbicides,community,germination,N,N,pooled,0,1,1,4,0,0,NA,-0.22914971981510251,-0.2950623013558914,43,9,RM-avg,herb_Y,herb,temperate,temperate,2,1,1,4,Y,4.5
36,"Thorne et al., 2007",46.927426,-118.510646,B,4,8,F-sW,B-sW,sW,2,2,1,2,RM,NT,herbicides,community,extraction + germination,N,N,pooled,0,1,2,4,8.48528137423857,9.899494936611665,NA,NA,-0.4123157542621725,6,8,RM-avg,herb_Y,herb,temperate,temperate,2,1,1,2,Y,4
36,"Thorne et al., 2007",46.927426,-118.510646,B,4,4,sW,B-sW,sW,1,2,1,2,RM,NT,herbicides,community,extraction + germination,N,N,pooled,0,1,1,4,0,9.899494936611665,NA,NA,-1.1639416362604988,6,4,RM-avg,herb_Y,herb,temperate,temperate,2,1,1,4,Y,2
36,"Thorne et al., 2007",46.927426,-118.510646,B,4,8,sW,B-sW,sW,1,2,1,2,RM,NT,herbicides,community,extraction + germination,N,N,pooled,0,1,1,4,0,9.899494936611665,NA,NA,0,5,4,RM-avg,herb_Y,herb,temperate,temperate,2,1,1,4,Y,2
36,"Thorne et al., 2007",46.927426,-118.510646,B,4,4,sW,B-sW,sW,1,2,1,2,RM,NT,herbicides,community,extraction + germination,N,N,pooled,0,1,1,4,8.48528137423857,9.899494936611665,NA,NA,-0.2609186552529644,6,4,RM-avg,herb_Y,herb,temperate,temperate,2,1,1,4,Y,2
37,"Sosnoskie et al., 2006",40.781866,-81.930794,D,3,9,M,O/Flm-Flm-M,M,1,3,1,3,RM,IC,herbicides,community,germination,Y,N,pooled,0,4,1,9,0,9.899494936611665,NA,NA,-0.22681387601200065,37,9,RM-avg,herb_Y,herb,temperate,temperate,3,2,4,9,Y,4.5
37,"Sosnoskie et al., 2006",40.781866,-81.930794,D,3,27,M,O/Flm-Flm-M,M,1,3,1,3,RM,NT,herbicides,community,germination,Y,N,pooled,0,4,1,9,0,9.899494936611665,NA,NA,-0.4670381951856477,37,3,RM-avg,herb_Y,herb,temperate,temperate,3,2,4,9,Y,1.5
37,"Sosnoskie et al., 2006",40.781866,-81.930794,D,3,27,M,O/Flm-Flm-M,M,1,3,1,3,RM,tilled,herbicides,community,germination,Y,N,pooled,0,4,1,9,0,9.899494936611665,NA,NA,0.5641361710777646,36,6,RM-avg,herb_Y,herb,temperate,temperate,3,2,4,9,Y,3
37,"Sosnoskie et al., 2006",40.781866,-81.930794,D,3,6,M,Sb-M,M,1,2,1,2,RM,IC,herbicides,community,germination,N,N,pooled,0,1,1,4,0,0,NA,NA,-0.39138191340882855,37,9,RM-avg,herb_Y,herb,temperate,temperate,2,1,1,4,Y,4.5
37,"Sosnoskie et al., 2006",40.781866,-81.930794,D,3,18,M,Sb-M,M,1,2,1,2,RM,NT,herbicides,community,germination,N,N,pooled,0,1,1,4,0,0,NA,NA,-0.46887033454879934,37,3,RM-avg,herb_Y,herb,temperate,temperate,2,1,1,4,Y,1.5
37,"Sosnoskie et al., 2006",40.781866,-81.930794,D,3,18,M,Sb-M,M,1,2,1,2,RM,tilled,herbicides,community,germination,N,N,pooled,0,1,1,4,0,0,NA,NA,0.2733815065572817,36,6,RM-avg,herb_Y,herb,temperate,temperate,2,1,1,4,Y,3
39,"Seibutis et al., 2006",54.8876,23.835541,D,4,4,Fp-W,Be-Fp-W,W,2,3,2,3,AVG,tilled,herbicides,community,NA,N,N,4,0,1,4,9,8.48528137423857,6,-1.1474024528375417,-0.7614151516889482,NA,4,4,AVG,herb_Y,herb,temperate,temperate,1.5,1,1,2.25,N,2
39,"Seibutis et al., 2006",54.8876,23.835541,D,4,4,Fp-W,Fp-W-Be-sB,W,2,4,2,4,AVG,tilled,herbicides,community,NA,N,N,4,0,4,4,16,8.48528137423857,4.898979485566356,-1.7452394535931621,-1.1243206453783166,NA,4,4,AVG,herb_Y,herb,temperate,temperate,2,2,4,4,N,2
39,"Seibutis et al., 2006",54.8876,23.835541,D,4,4,Fp-W,Fp-W-sB,W,2,3,2,3,AVG,tilled,herbicides,community,NA,N,N,4,0,1,4,9,8.48528137423857,6,-0.2929871246814741,-0.32737667113672786,NA,4,4,AVG,herb_Y,herb,temperate,temperate,1.5,1,1,2.25,N,2
39,"Seibutis et al., 2006",54.8876,23.835541,D,4,4,sB,Be-sB,sB,1,2,1,2,AVG,tilled,herbicides,community,NA,N,N,4,0,1,1,4,0,0,-0.8754687373538999,0.4747392339915697,NA,4,4,AVG,herb_Y,herb,temperate,temperate,2,1,1,4,Y,2
39,"Seibutis et al., 2006",54.8876,23.835541,D,4,4,sB,Fp-Be-sB,sB,1,3,1,3,AVG,tilled,herbicides,community,NA,N,N,4,0,4,1,9,0,0,-0.780158557549575,0.42634269312971956,NA,4,4,AVG,herb_Y,herb,temperate,temperate,3,2,4,9,Y,2
39,"Seibutis et al., 2006",54.8876,23.835541,D,4,4,sB,Fp-W-Be-sB,sB,1,4,1,4,AVG,tilled,herbicides,community,NA,N,N,4,0,9,1,16,0,4.898979485566356,-0.4700036292457356,-0.07898841131863044,NA,4,4,AVG,herb_Y,herb,temperate,temperate,4,3,9,16,Y,2
39,"Seibutis et al., 2006",54.8876,23.835541,D,4,4,sB,sR-Be-sB,sB,1,3,1,3,AVG,tilled,herbicides,community,NA,N,N,4,0,4,1,9,0,0,0,0.8984103065963065,NA,4,4,AVG,herb_Y,herb,temperate,temperate,3,2,4,9,Y,2
39,"Seibutis et al., 2006",54.8876,23.835541,D,4,4,sB,W-Be-sB,sB,1,3,1,3,AVG,tilled,herbicides,community,NA,N,N,4,0,4,1,9,0,6,-0.8754687373538999,0.5505330733611034,NA,4,4,AVG,herb_Y,herb,temperate,temperate,3,2,4,9,Y,2
39,"Seibutis et al., 2006",54.8876,23.835541,D,4,4,sB,W-Fp-sB,sB,1,3,1,3,AVG,tilled,herbicides,community,NA,N,N,4,0,4,1,9,0,6,0.18924199963852834,0.8123356978250637,NA,4,4,AVG,herb_Y,herb,temperate,temperate,3,2,4,9,Y,2
40,"Benoit et al., 2003",45.10671,-73.527547,D,6,6,Ca,B-Ca-Ca,Ca,1,3,1,2,RM,tilled,herbicides,community,germination,N,N,3,0,1,1,6,0,0,NA,-0.8842024173226546,-1.0529528119988152,3,6,RM-last,herb_Y,herb,temperate,temperate,2,1,1,6,Y,3
40,"Benoit et al., 2003",45.10671,-73.527547,D,6,6,Ca,B-On-Ca,Ca,1,3,1,3,RM,tilled,herbicides,community,germination,N,N,3,0,4,1,9,0,0,NA,-0.5514966634969185,-0.678471249410618,3,6,RM-last,herb_Y,herb,temperate,temperate,3,2,4,9,Y,3
40,"Benoit et al., 2003",45.10671,-73.527547,D,6,6,Ca,Ca-B-Ca,Ca,1,2,1,2,RM,tilled,herbicides,community,germination,N,N,3,0,1,1,4,0,0,NA,-0.5514966634969185,-0.939321509046894,3,6,RM-last,herb_Y,herb,temperate,temperate,2,1,1,4,Y,3
40,"Benoit et al., 2003",45.10671,-73.527547,D,6,6,Ca,Ca-On-Ca,Ca,1,2,1,2,RM,tilled,herbicides,community,germination,N,N,3,0,1,1,4,0,0,NA,0.34958464971370795,-0.3743171963799159,3,6,RM-last,herb_Y,herb,temperate,temperate,2,1,1,4,Y,3
40,"Benoit et al., 2003",45.10671,-73.527547,D,6,6,Ca,On-B-Ca,Ca,1,3,1,3,RM,tilled,herbicides,community,germination,N,N,3,0,4,1,9,0,0,NA,0.26152779432252515,-0.815672370924103,3,6,RM-last,herb_Y,herb,temperate,temperate,3,2,4,9,Y,3
41,"Leroux et al., 1996",45.10671,-73.527547,D,6,6,Ca,B-Ca-Ca,Ca,1,3,1,2,RM,tilled,herbicides,community,NA,N,N,3,0,1,1,6,0,0,0.28111929253925755,NA,NA,3,6,RM-last,herb_Y,herb,temperate,temperate,2,1,1,6,Y,3
41,"Leroux et al., 1996",45.10671,-73.527547,D,6,6,Ca,B-On-Ca,Ca,1,3,1,3,RM,tilled,herbicides,community,NA,N,N,3,0,4,1,9,0,0,0.6698470294975902,NA,NA,3,6,RM-last,herb_Y,herb,temperate,temperate,3,2,4,9,Y,3
41,"Leroux et al., 1996",45.10671,-73.527547,D,6,6,Ca,Ca-B-Ca,Ca,1,2,1,2,RM,tilled,herbicides,community,NA,N,N,3,0,1,1,4,0,0,0.2657758441130367,NA,NA,3,6,RM-last,herb_Y,herb,temperate,temperate,2,1,1,4,Y,3
41,"Leroux et al., 1996",45.10671,-73.527547,D,6,6,Ca,Ca-On-Ca,Ca,1,2,1,2,RM,tilled,herbicides,community,NA,N,N,3,0,1,1,4,0,0,0.8280744368888566,NA,NA,3,6,RM-last,herb_Y,herb,temperate,temperate,2,1,1,4,Y,3
41,"Leroux et al., 1996",45.10671,-73.527547,D,6,6,Ca,On-B-Ca,Ca,1,3,1,3,RM,tilled,herbicides,community,NA,N,N,3,0,4,1,9,0,0,0.06540690931054943,NA,NA,3,6,RM-last,herb_Y,herb,temperate,temperate,3,2,4,9,Y,3
42,"Manley et al., 2001",37.584096,-75.782421,C,4,4,Sb,M-To-Sb,Sb,1,2,1,2,RM,tilled,none,community,NA,N,N,1,0,1,1,4,0,0,NA,-0.0953101798043249,NA,1,4,RM-last,herb_N,none,temperate,temperate,2,1,1,4,Y,2
42,"Manley et al., 2001",37.584096,-75.782421,C,4,8,M,Sb-M,M,1,2,1,2,RM,tilled,none,community,NA,N,N,4,0,1,1,4,0,0,NA,0.05376642415566013,NA,4,4,RM-last,herb_N,none,temperate,temperate,2,1,1,4,Y,2
42,"Manley et al., 2001",37.584096,-75.782421,C,4,4,M,To-Sb-M,M,1,3,1,3,RM,tilled,none,community,NA,N,N,4,0,4,1,9,0,0,NA,0.26998249535237995,NA,4,4,RM-last,herb_N,none,temperate,temperate,3,2,4,9,Y,2
42,"Manley et al., 2001",37.584096,-75.782421,C,4,4,Sb,M-To-Sb,Sb,1,3,1,3,RM,tilled,none,community,NA,N,N,4,0,4,1,9,0,0,NA,-0.4576508612787345,NA,4,4,RM-last,herb_N,none,temperate,temperate,3,2,4,9,Y,2
42,"Manley et al., 2001",37.584096,-75.782421,C,4,4,Sb,Sb-M,Sb,1,2,1,2,RM,tilled,none,community,NA,N,N,4,0,1,1,4,0,0,NA,-0.003552401604367772,NA,4,4,RM-last,herb_N,none,temperate,temperate,2,1,1,4,Y,2
42,"Manley et al., 2001",37.584096,-75.782421,C,4,4,Sb,Sb-M,Sb,1,2,1,2,RM,tilled,none,community,NA,N,N,4,0,4,1,4,0,0,NA,-0.154658939050398,NA,4,4,RM-last,herb_N,none,temperate,temperate,2,1,4,4,Y,2
43,"Marenco et al., 1999",-2.578711,-44.206322,A,4,4,Ri,Cp/Ri,Ri,1,1,1,2,LAST,tilled,none,community,NA,N,N,1,0,0.5,1,2,0,0,0.0761660054208973,-1.2948805804835752,NA,1,4,LAST,herb_N,none,tropical,sub/tropical,2,1,0.5,2,Y,2
43,"Marenco et al., 1999",-2.578711,-44.206322,A,4,4,Ri,Hb/Ri,Ri,1,1,1,2,LAST,tilled,none,community,NA,N,N,1,0,0.5,1,2,0,0,0.022048571283922586,-1.6515555244223077,NA,1,4,LAST,herb_N,none,tropical,sub/tropical,2,1,0.5,2,Y,2
43,"Marenco et al., 1999",-2.578711,-44.206322,A,4,4,Ri,Vb/Ri,Ri,1,1,1,2,LAST,tilled,none,community,NA,N,N,1,0,0.5,1,2,0,0,0.32628899184461196,-3.1381860075948613,NA,1,4,LAST,herb_N,none,tropical,sub/tropical,2,1,0.5,2,Y,2
44,"Daugovish et al., 1999",41.232456,-103.019734,B,4,12,F-W,Mi-F-W,W,2,3,1,3,RM,tilled,herbicides,community,extraction,N,Y,2,0,4,2,9,0,4.242640687119285,NA,-2.955344212648703,-1.6789639750827106,2,4,RM-last,herb_Y,herb,temperate,temperate,3,2,4,4.5,Y,2
44,"Daugovish et al., 1999",41.232456,-103.019734,B,4,12,F-W,Su-F-W,W,2,3,1,3,RM,tilled,herbicides,community,extraction,N,Y,2,0,4,2,9,0,5.656854249492381,NA,-2.0390534807745477,-5.9989365619466835,2,4,RM-last,herb_Y,herb,temperate,temperate,3,2,4,4.5,Y,2
45,"Dorado et al., 1999",40.023963,-4.422936,C,3,3,B,Su-B,B,1,2,1,2,LAST,tilled,herbicides,community,extraction,Y,N,3,0,1,1,4,0,7.0710678118654755,NA,NA,-0.10877465349108416,3,3,LAST,herb_Y,herb,temperate,temperate,2,1,1,4,Y,1.5
45,"Dorado et al., 1999",40.023963,-4.422936,C,3,3,B,V-B,B,1,2,1,2,LAST,tilled,herbicides,community,extraction,N,N,3,0,1,1,4,0,0,NA,NA,0.6373463023448278,3,3,LAST,herb_Y,herb,temperate,temperate,2,1,1,4,Y,1.5
46,"Martin and Felton, 1993",-31.147432,150.983345,C,4,8,sW,sW-So-sW,sW,1,2,1,2,RM,NT,herbicides,single species,NA,N,N,4,0,1,1,4,0,1.4142135623730951,NA,-3.970291913552122,NA,4,4,RM-last,herb_Y,herb,tropical,sub/tropical,2,1,1,4,Y,2
46,"Martin and Felton, 1993",-31.147432,150.983345,C,4,4,sW,sW-So-sW,sW,1,2,1,2,RM,NT,none,single species,NA,N,N,4,0,1,1,4,0,1.4142135623730951,NA,-2.6753370036959074,NA,4,4,RM-last,herb_N,none,tropical,sub/tropical,2,1,1,4,Y,2
46,"Martin and Felton, 1993",-31.147432,150.983345,C,4,8,sW,sW-So-sW,sW,1,2,1,2,RM,tilled,herbicides,single species,NA,N,N,4,0,1,1,4,0,1.4142135623730951,NA,0.1823215567939546,NA,4,4,RM-last,herb_Y,herb,tropical,sub/tropical,2,1,1,4,Y,2
46,"Martin and Felton, 1993",-31.147432,150.983345,C,4,4,sW,sW-So-sW,sW,1,2,1,2,RM,tilled,none,single species,NA,N,N,4,0,1,1,4,0,1.4142135623730951,NA,-1.3862943611198906,NA,4,4,RM-last,herb_N,none,tropical,sub/tropical,2,1,1,4,Y,2
47,"Soon and Darwent, 1998",55.202226,-119.438397,D,4,4,sB,sR-sB-sB,sB,1,3,1,2,LAST,tilled,herbicides,single species,NA,N,N,6,0,1,1,6,0,0,NA,NA,NA,6,4,LAST,herb_Y,herb,temperate,temperate,2,1,1,6,Y,2
47,"Soon and Darwent, 1998",55.202226,-119.438397,D,4,4,sB,sR-sB-sB,sB,1,3,1,2,LAST,tilled,none,single species,NA,N,N,6,0,1,1,6,0,0,NA,0.2436220826577505,NA,6,4,LAST,herb_N,none,temperate,temperate,2,1,1,6,Y,2
49,"Clay et al., 1998",44.311964,-96.79755,D,3,6,M,sW/A-A-M,M,1,3,1,3,RM,tilled,herbicides,community,extraction,Y,N,5,0,4,1,9,0,9.899494936611665,NA,-0.1870571615397888,2.7694588292308535,5,3,RM-last,herb_Y,herb,temperate,temperate,3,2,4,9,Y,1.5
49,"Clay et al., 1998",44.311964,-96.79755,D,3,3,M,sW/A-A-M,M,1,3,1,3,RM,tilled,none,community,extraction,Y,N,5,0,4,1,9,0,9.899494936611665,NA,-2.3061581204665846,0.9189538492936389,5,3,RM-last,herb_N,none,temperate,temperate,3,2,4,9,Y,1.5
50,"Anderson et al., 1998",46.82216,-100.918353,D,3,3,F-sW,W-Su-sW,sW,2,3,1,2,LAST,NT,herbicides,community,NA,N,Y,10,0,4,2,6,0,8,NA,-0.44496755108441066,NA,10,3,LAST,herb_Y,herb,temperate,temperate,2,1,4,3,Y,1.5
50,"Anderson et al., 1998",46.82216,-100.918353,D,3,3,F-sW,W-Su-sW,sW,2,3,1,2,LAST,tilled,herbicides,community,NA,N,Y,10,0,4,2,6,0,8,NA,-0.466619531261495,NA,10,3,LAST,herb_Y,herb,temperate,temperate,2,1,4,3,Y,1.5
50,"Anderson et al., 1998",46.82216,-100.918353,D,3,3,F-sW,W-Su-sW,NA,2,3,1,2,LAST,tilled,herbicides,community,NA,N,Y,10,0,4,2,6,0,8,NA,-0.7419373447293773,NA,10,3,LAST,herb_Y,herb,temperate,temperate,2,1,4,3,Y,1.5
51,"Eiszner et al., 1996",12.545447,-86.983274,A,4,16,Sb,C-Sb,Sb,1,2,1,2,AVG,tilled,IC,community,NA,N,N,3.5,0,1,1,4,NA,NA,0.04669382288309265,0.05606389414659905,NA,3.5,4,AVG,IC,IC,tropical,sub/tropical,2,1,1,4,Y,2
52,"Eiszner et al., 1996",12.141522,-86.163824,A,4,8,So,Cu-So,So,1,2,1,2,AVG,tilled,herbicides,community,germination,N,N,2.5,0,1,1,4,NA,NA,NA,NA,-0.2492196383030506,2.5,4,AVG,herb_Y,herb,tropical,sub/tropical,2,1,1,4,Y,2
52,"Eiszner et al., 1996",12.141522,-86.163824,A,4,16,So,Cu-So,So,1,2,1,2,AVG,tilled,mechanical,community,germination,N,N,2.5,0,1,1,4,NA,NA,NA,NA,-0.21547460544067779,2.5,4,AVG,herb_N,mech,tropical,sub/tropical,2,1,1,4,Y,2
52,"Eiszner et al., 1996",12.141522,-86.163824,A,4,8,So,M-So,So,1,2,1,2,AVG,tilled,herbicides,community,germination,N,N,2.5,0,1,1,4,NA,NA,NA,NA,-0.10592699162607037,2.5,4,AVG,herb_Y,herb,tropical,sub/tropical,2,1,1,4,Y,2
52,"Eiszner et al., 1996",12.141522,-86.163824,A,4,16,So,M-So,So,1,2,1,2,AVG,tilled,mechanical,community,germination,N,N,2.5,0,1,1,4,NA,NA,NA,NA,-0.24648575638495035,2.5,4,AVG,herb_N,mech,tropical,sub/tropical,2,1,1,4,Y,2
52,"Eiszner et al., 1996",12.141522,-86.163824,A,4,8,So,Cu-So,So,1,2,1,2,AVG,tilled,IC,community,germination,N,N,3.5,0,1,1,4,NA,NA,NA,NA,-0.18796640790998123,3.5,4,AVG,IC,IC,tropical,sub/tropical,2,1,1,4,Y,2
52,"Eiszner et al., 1996",12.141522,-86.163824,A,4,8,So,M-So,So,1,2,1,2,AVG,tilled,IC,community,germination,N,N,3.5,0,1,1,4,NA,NA,NA,NA,-0.15166478123376645,3.5,4,AVG,IC,IC,tropical,sub/tropical,2,1,1,4,Y,2
53,"Blackshaw et al., 1994",49.693913,-112.841842,B,6,6,F-W,Fl-W,W,2,2,1,2,RM,NT,herbicides,community,NA,N,N,pooled,0,1,2,4,0,9.899494936611665,NA,0,NA,5,6,RM-avg,herb_Y,herb,temperate,temperate,2,1,1,2,Y,3
53,"Blackshaw et al., 1994",49.693913,-112.841842,B,6,12,F-W,Fl-W,W,2,2,1,2,RM,tilled,herbicides,community,NA,N,N,pooled,0,1,2,4,0,9.899494936611665,NA,0,NA,5,6,RM-avg,herb_Y,herb,temperate,temperate,2,1,1,2,Y,3
53,"Blackshaw et al., 1994",49.693913,-112.841842,B,6,6,F-W,sR-W,W,2,2,1,2,RM,NT,herbicides,community,NA,N,N,pooled,0,1,2,4,0,9.899494936611665,NA,0,NA,5,6,RM-avg,herb_Y,herb,temperate,temperate,2,1,1,2,Y,3
53,"Blackshaw et al., 1994",49.693913,-112.841842,B,6,12,F-W,sR-W,W,2,2,1,2,RM,tilled,herbicides,community,NA,N,N,pooled,0,1,2,4,0,9.899494936611665,NA,0,NA,5,6,RM-avg,herb_Y,herb,temperate,temperate,2,1,1,2,Y,3
53,"Blackshaw et al., 1994",49.693913,-112.841842,B,6,6,W,Fl-W,W,1,2,1,2,RM,NT,herbicides,community,NA,N,N,pooled,0,1,1,4,0,9.899494936611665,NA,-0.6931471805599453,NA,5,6,RM-avg,herb_Y,herb,temperate,temperate,2,1,1,4,Y,3
53,"Blackshaw et al., 1994",49.693913,-112.841842,B,6,12,W,Fl-W,W,1,2,1,2,RM,tilled,herbicides,community,NA,N,N,pooled,0,1,1,4,0,9.899494936611665,NA,0,NA,5,6,RM-avg,herb_Y,herb,temperate,temperate,2,1,1,4,Y,3
53,"Blackshaw et al., 1994",49.693913,-112.841842,B,6,6,W,sR-W,W,1,2,1,2,RM,NT,herbicides,community,NA,N,N,pooled,0,1,1,4,0,9.899494936611665,NA,-0.6931471805599453,NA,5,6,RM-avg,herb_Y,herb,temperate,temperate,2,1,1,4,Y,3
53,"Blackshaw et al., 1994",49.693913,-112.841842,B,6,12,W,sR-W,W,1,2,1,2,RM,tilled,herbicides,community,NA,N,N,pooled,0,1,1,4,0,9.899494936611665,NA,0,NA,5,6,RM-avg,herb_Y,herb,temperate,temperate,2,1,1,4,Y,3
53,"Blackshaw et al., 1994",49.693913,-112.841842,B,6,6,F-W,L-W,W,2,2,1,2,RM,NT,herbicides,community,NA,N,N,2,0,1,2,4,0,9.899494936611665,NA,0,NA,2,6,RM-last,herb_Y,herb,temperate,temperate,2,1,1,2,Y,3
53,"Blackshaw et al., 1994",49.693913,-112.841842,B,6,12,F-W,L-W,W,2,2,1,2,RM,tilled,herbicides,community,NA,N,N,2,0,1,2,4,0,9.899494936611665,NA,0.8266785731844679,NA,2,6,RM-last,herb_Y,herb,temperate,temperate,2,1,1,2,Y,3
53,"Blackshaw et al., 1994",49.693913,-112.841842,B,6,6,W,L-W,W,1,2,1,2,RM,NT,herbicides,community,NA,N,N,2,0,1,1,4,0,9.899494936611665,NA,-1.2992829841302609,NA,2,6,RM-last,herb_Y,herb,temperate,temperate,2,1,1,4,Y,3
53,"Blackshaw et al., 1994",49.693913,-112.841842,B,6,12,W,L-W,W,1,2,1,2,RM,tilled,herbicides,community,NA,N,N,2,0,1,1,4,0,9.899494936611665,NA,0.09844007281325251,NA,2,6,RM-last,herb_Y,herb,temperate,temperate,2,1,1,4,Y,3
54,"Blackshaw, 1994",49.693913,-112.841842,B,6,6,F-W,sR-W,W,2,2,1,2,RM,NT,herbicides,single species,NA,N,N,pooled,0,1,2,4,0,8.082903768654761,NA,0.07393265200614872,NA,6,12,RM-avg,herb_Y,herb,temperate,temperate,2,1,1,2,Y,6
54,"Blackshaw, 1994",49.693913,-112.841842,B,6,6,F-W,sR-W,W,2,2,1,2,RM,tilled,herbicides,single species,NA,N,N,pooled,0,1,2,4,0,8.082903768654761,NA,-0.9011548400616036,NA,6,12,RM-avg,herb_Y,herb,temperate,temperate,2,1,1,2,Y,6
54,"Blackshaw, 1994",49.693913,-112.841842,B,6,6,W,sR-W,W,1,2,1,2,RM,NT,herbicides,single species,NA,N,N,pooled,0,1,1,4,0,8.082903768654761,NA,-2.985685068510179,NA,6,12,RM-avg,herb_Y,herb,temperate,temperate,2,1,1,4,Y,6
54,"Blackshaw, 1994",49.693913,-112.841842,B,6,6,W,sR-W,W,1,2,1,2,RM,tilled,herbicides,single species,NA,N,N,pooled,0,1,1,4,0,8.082903768654761,NA,-3.828156757152815,NA,6,12,RM-avg,herb_Y,herb,temperate,temperate,2,1,1,4,Y,6
55,"Young et al., 1996",46.726104,-117.153548,C,4,8,W,sB-Fp-W,W,1,3,1,3,AVG,tilled,herbicides,community,NA,N,N,3.5,0,4,1,9,0,7.54983443527075,NA,-0.036813973122716316,NA,3.5,4,AVG,herb_Y,herb,temperate,temperate,3,2,4,9,Y,2
55,"Young et al., 1996",46.726104,-117.153548,C,4,4,W,sB-Fp-W,W,1,3,1,3,RM,IC,herbicides,community,NA,N,N,6,0,4,1,9,0,7.54983443527075,NA,-1.9075912847531766,NA,6,4,RM-last,herb_Y,herb,temperate,temperate,3,2,4,9,Y,2
56,"Schrieber, 1992",40.428001,-86.90336,D,4,12,M,Sb-M,M,1,2,1,2,LAST,NT,none,single species,NA,N,N,7,0,1,1,4,0,0,NA,-1.3055330044754323,NA,10,4,LAST,herb_N,none,temperate,temperate,2,1,1,4,Y,2
56,"Schrieber, 1992",40.428001,-86.90336,D,4,24,M,Sb-M,M,1,2,1,2,LAST,tilled,none,single species,NA,N,N,7,0,1,1,4,0,0,NA,-1.0304496372371472,NA,10,4,LAST,herb_N,none,temperate,temperate,2,1,1,4,Y,2
56,"Schrieber, 1992",40.428001,-86.90336,D,4,12,M,Sb-W-M,M,1,3,1,3,LAST,NT,none,single species,NA,N,N,7,0,4,1,9,0,9.899494936611665,NA,-2.7269186854065928,NA,10,4,LAST,herb_N,none,temperate,temperate,3,2,4,9,Y,2
56,"Schrieber, 1992",40.428001,-86.90336,D,4,24,M,Sb-W-M,M,1,3,1,3,LAST,tilled,none,single species,NA,N,N,7,0,4,1,9,0,9.899494936611665,NA,-1.477463748258184,NA,10,4,LAST,herb_N,none,temperate,temperate,3,2,4,9,Y,2
56,"Schrieber, 1992",40.428001,-86.90336,D,4,12,M,Sb-M,M,1,2,1,2,LAST,NT,none,single species,NA,N,N,10,0,1,1,4,0,0,NA,-0.6711144655600626,NA,10,4,LAST,herb_N,none,temperate,temperate,2,1,1,4,Y,2
56,"Schrieber, 1992",40.428001,-86.90336,D,4,24,M,Sb-M,M,1,2,1,2,LAST,tilled,none,single species,NA,N,N,10,0,1,1,4,0,0,NA,-1.1564670813662838,NA,10,4,LAST,herb_N,none,temperate,temperate,2,1,1,4,Y,2
56,"Schrieber, 1992",40.428001,-86.90336,D,4,12,M,Sb-W-M,M,1,3,1,3,LAST,NT,none,single species,NA,N,N,10,0,4,1,9,0,9.899494936611665,NA,-2.8391094045813436,NA,10,4,LAST,herb_N,none,temperate,temperate,3,2,4,9,Y,2
56,"Schrieber, 1992",40.428001,-86.90336,D,4,24,M,Sb-W-M,M,1,3,1,3,LAST,tilled,none,single species,NA,N,N,10,0,4,1,9,0,9.899494936611665,NA,-2.0933444468488274,NA,10,4,LAST,herb_N,none,temperate,temperate,3,2,4,9,Y,2
56,"Schrieber, 1992",40.428001,-86.90336,D,4,4,M,Sb-M,M,1,2,1,2,RM,IC,herbicides,single species,extraction,N,N,pooled,0,1,1,4,0,0,NA,NA,-1.0706454516960833,6,8,RM-avg,herb_Y,herb,temperate,temperate,2,1,1,4,Y,4
56,"Schrieber, 1992",40.428001,-86.90336,D,4,4,M,Sb-M,M,1,2,1,2,RM,IC,none,single species,NA,N,N,pooled,0,1,1,4,0,0,NA,-1.0537327123027502,NA,12,28,RM-avg,herb_N,none,temperate,temperate,2,1,1,4,Y,14
56,"Schrieber, 1992",40.428001,-86.90336,D,4,4,M,Sb-M,M,1,2,1,2,RM,NT,herbicides,single species,extraction,N,N,pooled,0,1,1,4,0,0,NA,NA,-0.9430954571768455,6,8,RM-avg,herb_Y,herb,temperate,temperate,2,1,1,4,Y,4
56,"Schrieber, 1992",40.428001,-86.90336,D,4,8,M,Sb-M,M,1,2,1,2,RM,tilled,herbicides,single species,extraction,N,N,pooled,0,1,1,4,0,0,NA,NA,-1.7576781435125737,6,8,RM-avg,herb_Y,herb,temperate,temperate,2,1,1,4,Y,4
56,"Schrieber, 1992",40.428001,-86.90336,D,4,4,M,Sb-W-M,M,1,3,1,3,RM,IC,none,single species,NA,N,N,pooled,0,4,1,9,0,9.899494936611665,NA,-2.215356763148675,NA,12,24,RM-avg,herb_N,none,temperate,temperate,3,2,4,9,Y,12
56,"Schrieber, 1992",40.428001,-86.90336,D,4,4,M,Sb-W-M,M,1,3,1,3,RM,IC,herbicides,single species,extraction,N,N,6,0,4,1,9,0,9.899494936611665,NA,NA,-1.6451559950361796,6,4,RM-last,herb_Y,herb,temperate,temperate,3,2,4,9,Y,2
56,"Schrieber, 1992",40.428001,-86.90336,D,4,4,M,Sb-W-M,M,1,3,1,3,RM,NT,herbicides,single species,extraction,N,N,6,0,4,1,9,0,9.899494936611665,NA,NA,-3.8642323415917974,6,4,RM-last,herb_Y,herb,temperate,temperate,3,2,4,9,Y,2
56,"Schrieber, 1992",40.428001,-86.90336,D,4,8,M,Sb-W-M,M,1,3,1,3,RM,tilled,herbicides,single species,extraction,N,N,6,0,4,1,9,0,9.899494936611665,NA,NA,-1.9294488720012413,6,4,RM-last,herb_Y,herb,temperate,temperate,3,2,4,9,Y,2
57,"Ball, 1992",42.063589,-104.196577,B,4,8,M,Be-Be-M,M,1,3,1,2,RM,tilled,herbicides,community,extraction,N,N,3,0,2,1,6,0,0,NA,NA,1.1659454087366967,3,4,RM-last,herb_Y,herb,temperate,temperate,2,1,2,6,Y,2
58,"Dowler et al., 1974",31.471868,-83.535133,C,6,6,C,Sb-M-Pn-C,C,1,4,1,4,LAST,tilled,herbicides,community,NA,N,N,4,0,9,1,16,0,0.816496580927726,NA,NA,-1.1139972075075892,4,6,LAST,herb_Y,herb,sub-tropical,sub/tropical,4,3,9,16,Y,3
58,"Dowler et al., 1974",31.471868,-83.535133,C,6,6,C,Sb-M-Pn-C,C,1,4,1,4,LAST,tilled,mechanical,community,NA,N,N,4,0,9,1,16,0,0.816496580927726,NA,NA,-0.7277527097374209,4,6,LAST,herb_N,mech,sub-tropical,sub/tropical,4,3,9,16,Y,3
58,"Dowler et al., 1974",31.471868,-83.535133,C,6,6,M,Pn-C-Sb-M,M,1,4,1,4,LAST,tilled,herbicides,community,NA,N,N,4,0,9,1,16,0,0.816496580927726,NA,NA,-2.1012605890744758,4,6,LAST,herb_Y,herb,sub-tropical,sub/tropical,4,3,9,16,Y,3
58,"Dowler et al., 1974",31.471868,-83.535133,C,6,6,M,Pn-C-Sb-M,M,1,4,1,4,LAST,tilled,mechanical,community,NA,N,N,4,0,9,1,16,0,0.816496580927726,NA,NA,-2.044255232554792,4,6,LAST,herb_N,mech,sub-tropical,sub/tropical,4,3,9,16,Y,3
58,"Dowler et al., 1974",31.471868,-83.535133,C,6,6,Pn,C-Sb-M-Pn,Pn,1,4,1,4,LAST,tilled,herbicides,community,NA,N,N,4,0,9,1,16,0,0.816496580927726,NA,NA,0.6678293725756554,4,6,LAST,herb_Y,herb,sub-tropical,sub/tropical,4,3,9,16,Y,3
58,"Dowler et al., 1974",31.471868,-83.535133,C,6,6,Pn,C-Sb-M-Pn,Pn,1,4,1,4,LAST,tilled,mechanical,community,NA,N,N,4,0,9,1,16,0,0.816496580927726,NA,NA,-1.074942544582205,4,6,LAST,herb_N,mech,sub-tropical,sub/tropical,4,3,9,16,Y,3
58,"Dowler et al., 1974",31.471868,-83.535133,C,6,6,Sb,M-Pn-C-Sb,Sb,1,4,1,4,LAST,tilled,herbicides,community,NA,N,N,4,0,9,1,16,0,0.816496580927726,NA,NA,-1.7853285788977644,4,6,LAST,herb_Y,herb,sub-tropical,sub/tropical,4,3,9,16,Y,3
58,"Dowler et al., 1974",31.471868,-83.535133,C,6,6,Sb,M-Pn-C-Sb,Sb,1,4,1,4,LAST,tilled,mechanical,community,NA,N,N,4,0,9,1,16,0,0.816496580927726,NA,NA,-2.0343211063993665,4,6,LAST,herb_N,mech,sub-tropical,sub/tropical,4,3,9,16,Y,3
59,"Ball and Miller, 1993",42.063589,-104.196577,B,4,8,M,Be-Be-M-M-M,M,1,5,1,2,RM,tilled,herbicides,community,NA,N,N,5,0,2,1,10,0,0.7071067811865476,NA,1.826850789039325,NA,5,4,RM-last,herb_Y,herb,temperate,temperate,2,1,2,10,Y,2
59,"Ball and Miller, 1993",42.063589,-104.196577,B,4,8,M,Db-Db-Db-M-M,M,1,5,1,2,RM,tilled,herbicides,community,NA,N,N,5,0,2,1,10,0,1.4142135623730951,NA,-0.2755396856260555,NA,5,4,RM-last,herb_Y,herb,temperate,temperate,2,1,2,10,Y,2
60,"Hoffman et al., 1998",42.020898,-93.777058,D,4,4,M,Sb-M,M,1,2,1,2,AVG,IC,herbicides,community,extraction,N,N,3.5,0,1,1,4,0,0,NA,NA,-0.11017843627116414,3.5,4,AVG,herb_Y,herb,temperate,temperate,2,1,1,4,Y,2
61,"Buhler et al., 1994",42.936668,-92.568509,D,3,6,M,Sb-M,M,1,2,1,2,RM,NT,herbicides,community,NA,N,N,pooled,0,1,1,4,0,0,NA,-1.0658615199545924,NA,10,3,RM-avg,herb_Y,herb,temperate,temperate,2,1,1,4,Y,1.5
61,"Buhler et al., 1994",42.936668,-92.568509,D,3,18,M,Sb-M,M,1,2,1,2,RM,tilled,herbicides,community,NA,N,N,pooled,0,1,1,4,0,0,NA,0.41925843024050014,NA,10,3,RM-avg,herb_Y,herb,temperate,temperate,2,1,1,4,Y,1.5
63,"Stevenson et al., 1997",48.828344,-72.540739,D,4,8,sB,Flm-Flm-sB/Flm,sB,1,3,1,2,RM,tilled,herbicides,community,NA,Y,N,pooled,0,2.5,1,6,0,0,1.0616657255157138,0.2835808686482503,NA,8,8,RM-avg,herb_Y,herb,temperate,temperate,2,1,2.5,6,Y,4
64,"Teasdale et al., 2004",39.023964,-76.917143,C,4,12,M-Sb,W-M-Sb,Sb,2,3,2,3,AVG,tilled,mechanical,community,germination,Y,N,4,0,1,4,9,0,7,NA,NA,-0.8514907386472396,4,4,AVG,herb_N,mech,temperate,temperate,1.5,1,1,2.25,N,2
64,"Teasdale et al., 2004",39.023964,-76.917143,C,4,4,M-Sb,W/Flm-Flm-M-Sb,Sb,2,4,2,4,AVG,tilled,mechanical,community,germination,Y,N,4,0,4,4,16,0,13.45362404707371,NA,NA,-0.12935602121404202,4,4,AVG,herb_N,mech,temperate,temperate,2,2,4,4,N,2
64,"Teasdale et al., 2004",39.023964,-76.917143,C,4,4,M-Sb,W/Flm-Flm-M-Sb,Sb,2,5,2,4,AVG,tilled,mechanical,community,germination,Y,N,4,0,6,4,20,0,7.713624310270756,NA,NA,-1.022116255678003,4,4,AVG,herb_N,mech,temperate,temperate,2,2,6,5,N,2
64,"Teasdale et al., 2004",39.023964,-76.917143,C,4,4,M-Sb,W/Flm-Flm-M-Sb,Sb,2,5,2,4,AVG,tilled,mechanical,community,germination,Y,N,4,0,8,4,20,0,7.713624310270756,NA,NA,-1.172398458727341,4,4,AVG,herb_N,mech,temperate,temperate,2,2,8,5,N,2
64,"Teasdale et al., 2004",39.023964,-76.917143,C,4,12,Sb-M,Sb-W-M,M,2,3,2,3,AVG,tilled,mechanical,community,germination,Y,N,4,0,1,4,9,0,7,NA,NA,-0.35863380842406534,4,4,AVG,herb_N,mech,temperate,temperate,1.5,1,1,2.25,N,2
64,"Teasdale et al., 2004",39.023964,-76.917143,C,4,4,Sb-M,Sb-W/Flm-Flm-M,M,2,4,2,4,AVG,tilled,mechanical,community,germination,Y,N,4,0,4,4,16,0,7.2571803523590805,NA,NA,0.36350090900913223,4,4,AVG,herb_N,mech,temperate,temperate,2,2,4,4,N,2
64,"Teasdale et al., 2004",39.023964,-76.917143,C,4,4,Sb-M,Sb-W/Flm-Flm-M,M,2,5,2,4,AVG,tilled,mechanical,community,germination,Y,N,4,0,6,4,20,0,7.713624310270756,NA,NA,-0.5292593254548287,4,4,AVG,herb_N,mech,temperate,temperate,2,2,6,5,N,2
64,"Teasdale et al., 2004",39.023964,-76.917143,C,4,4,Sb-M,Sb-W/Flm-Flm-M,M,2,5,2,4,AVG,tilled,mechanical,community,germination,Y,N,4,0,8,4,20,0,7.713624310270756,NA,NA,-0.6795415285041666,4,4,AVG,herb_N,mech,temperate,temperate,2,2,8,5,N,2
65,"Covarelli and Tei, 1988",42.959514,12.345268,C,3,3,M,W-W-M,M,1,2,1,2,LAST,tilled,herbicides,community,extraction,N,N,6,0,1,1,4,NA,NA,NA,NA,-0.24145938384907878,6,3,LAST,herb_Y,herb,temperate,temperate,2,1,1,4,Y,1.5
65,"Covarelli and Tei, 1988",42.959514,12.345268,C,3,3,M,W-W-M,M,1,2,1,2,LAST,tilled,herbicides,community,extraction,N,N,6,0,2,1,4,NA,NA,NA,NA,-0.23958769774584351,6,3,LAST,herb_Y,herb,temperate,temperate,2,1,2,4,Y,1.5
65,"Covarelli and Tei, 1988",42.959514,12.345268,C,3,3,M,W-W-M,M,1,2,1,2,LAST,tilled,none,community,extraction,N,N,6,0,1,1,4,NA,NA,NA,-0.3785786259235796,-0.44081864415979677,6,3,LAST,herb_N,none,temperate,temperate,2,1,1,4,Y,1.5
65,"Covarelli and Tei, 1988",42.959514,12.345268,C,3,3,M,W-W-M,M,1,2,1,2,LAST,tilled,none,community,extraction,N,N,6,0,2,1,4,NA,NA,NA,-0.9636009490515488,-1.085043173368251,6,3,LAST,herb_N,none,temperate,temperate,2,1,2,4,Y,1.5
65,"Covarelli and Tei, 1988",42.959514,12.345268,C,3,3,M,W-W-M,M,1,3,1,2,LAST,tilled,herbicides,community,extraction,N,N,6,0,1,1,6,NA,NA,NA,NA,-0.025753917890896608,6,3,LAST,herb_Y,herb,temperate,temperate,2,1,1,6,Y,1.5
65,"Covarelli and Tei, 1988",42.959514,12.345268,C,3,3,M,W-W-M,M,1,3,1,2,LAST,tilled,herbicides,community,extraction,N,N,6,0,2,1,6,NA,NA,NA,NA,0.030870748035536417,6,3,LAST,herb_Y,herb,temperate,temperate,2,1,2,6,Y,1.5
65,"Covarelli and Tei, 1988",42.959514,12.345268,C,3,3,M,W-W-M,M,1,3,1,2,LAST,tilled,none,community,extraction,N,N,6,0,1,1,6,NA,NA,NA,-0.1127601265880011,-0.30427981402733245,6,3,LAST,herb_N,none,temperate,temperate,2,1,1,6,Y,1.5
65,"Covarelli and Tei, 1988",42.959514,12.345268,C,3,3,M,W-W-M,M,1,3,1,2,LAST,tilled,none,community,extraction,N,N,6,0,2,1,6,NA,NA,NA,-0.5939668604703112,-0.292192377813346,6,3,LAST,herb_N,none,temperate,temperate,2,1,2,6,Y,1.5
66,"Filizadeh et al., 2007",36.811335,50.870237,C,4,4,Ri,Sb-Ri,Ri,1,2,1,2,AVG,tilled,none,community,NA,N,N,1.5,0,1,1,4,0,1.4142135623730951,-1.0379876668516748,-0.7855205006909605,NA,1.5,4,AVG,herb_N,none,temperate,temperate,2,1,1,4,Y,2
66,"Filizadeh et al., 2007",36.811335,50.870237,C,4,12,Ri,Sb-Ri,Ri,1,2,1,2,AVG,tilled,none,community,NA,N,N,1.5,0,1,1,4,0,4.242640687119285,-0.8671699345392049,-0.6737290947028438,NA,1.5,4,AVG,herb_N,none,temperate,temperate,2,1,1,4,Y,2
66,"Filizadeh et al., 2007",36.811335,50.870237,C,4,8,Ri,Sb-Ri,Ri,1,2,1,2,AVG,tilled,none,community,NA,N,N,1.5,0,1,1,4,0,5.656854249492381,-0.5784553374732347,-0.4467467670814684,NA,1.5,4,AVG,herb_N,none,temperate,temperate,2,1,1,4,Y,2
67,"Mohammaddoust Chamanad et al., 2009",55.83576,37.560004,D,3,15,sB,RCl-RCl-Fl-Fl-F-F-Ry-Ry-Po-Po-sB-sB,sB,1,12,1,6,AVG,tilled,none,community,NA,Y,N,93.5,0,50,1,72,0,9.118966803073446,NA,-0.9512480289941518,NA,93.5,3,AVG,herb_N,none,temperate,temperate,6,5,50,72,Y,1.5
69,"Baldoni et al., 1989",44.685422,11.618744,C,2,4,M,W-Be-W-M,M,1,4,1,3,LAST,tilled,herbicides,community,germination,Y,N,16,0,6,1,12,NA,NA,NA,NA,0.013921338518608014,16,2,LAST,herb_Y,herb,temperate,temperate,3,2,6,12,Y,1
69,"Baldoni et al., 1989",44.685422,11.618744,C,2,4,W,Be-W-M-W,W,1,4,1,3,LAST,tilled,herbicides,community,germination,Y,N,16,0,4,1,12,NA,NA,NA,NA,0.4054651081081644,16,2,LAST,herb_Y,herb,temperate,temperate,3,2,4,12,Y,1
69,"Baldoni et al., 1989",44.685422,11.618744,C,2,6,W,M-W-Be-W-A-A-A-W,W,1,8,1,4,LAST,tilled,herbicides,community,germination,Y,N,16,0,15,1,32,NA,NA,NA,NA,0.4475765934582912,16,2,LAST,herb_Y,herb,temperate,temperate,4,3,15,32,Y,1
70,"Wozniak, 2003",51.295943,23.619321,D,4,4,sB,Fp-sB,sB,1,2,1,2,AVG,tilled,herbicides,community,NA,N,N,3.5,0,1,1,4,0,0,0.2714967480307637,-0.5596157879354228,NA,3.5,4,AVG,herb_Y,herb,temperate,temperate,2,1,1,4,Y,2
70,"Wozniak, 2003",51.295943,23.619321,D,4,4,sB,Fp-sB,sB,1,2,1,2,AVG,tilled,mechanical,community,NA,N,N,3.5,0,1,1,4,0,0,-0.4071057975656242,-0.5897688261061101,NA,3.5,4,AVG,herb_N,mech,temperate,temperate,2,1,1,4,Y,2
70,"Wozniak, 2003",51.295943,23.619321,D,4,4,sB,Po-sB,sB,1,2,1,2,AVG,tilled,herbicides,community,NA,N,N,3.5,0,1,1,4,0,0,0,-0.05505977718302743,NA,3.5,4,AVG,herb_Y,herb,temperate,temperate,2,1,1,4,Y,2
70,"Wozniak, 2003",51.295943,23.619321,D,4,4,sB,Po-sB,sB,1,2,1,2,AVG,tilled,mechanical,community,NA,N,N,3.5,0,1,1,4,0,0,-0.21905356606268464,-0.08252102368800347,NA,3.5,4,AVG,herb_N,mech,temperate,temperate,2,1,1,4,Y,2
72,"Adamiak and Adamiak, 2004",53.596166,19.851759,D,4,8,O,Fl-Ry-Db-Tr-Po-O,O,1,6,1,6,RM,tilled,herbicides,community,NA,N,N,6,0,25,1,36,0,6.047037842337906,-2.795473016073369,-1.1756534933378895,NA,6,4,RM-last,herb_Y,herb,temperate,temperate,6,5,25,36,Y,2
72,"Adamiak and Adamiak, 2004",53.596166,19.851759,D,4,8,O,Fl-Ry-Db-Tr-Po-O,O,1,6,1,6,RM,tilled,none,community,NA,N,N,6,0,25,1,36,0,6.047037842337906,-1.6273698690726786,-0.8519029801995918,NA,6,4,RM-last,herb_N,none,temperate,temperate,6,5,25,36,Y,2
73,"Taa et al., 2004",7.106247,39.200667,C,3,3,W,Fa-W-W,W,1,3,1,2,RM,IC,herbicides,single species,NA,N,N,pooled,0,1,1,6,0,0,NA,-1.7268747476369655,NA,7,3,RM-avg,herb_Y,herb,tropical,sub/tropical,2,1,1,6,Y,1.5
73,"Taa et al., 2004",7.106247,39.200667,C,3,6,W,Fa-W-W,W,1,3,1,2,RM,IC,herbicides,single species,NA,N,N,pooled,0,1,1,6,0,0,-0.16975100410602634,-0.8860421053110797,NA,10,6,RM-avg,herb_Y,herb,tropical,sub/tropical,2,1,1,6,Y,3
73,"Taa et al., 2004",8.019806,39.160252,C,3,6,W,Fa-W-W,W,1,3,1,2,RM,IC,herbicides,single species,NA,N,N,pooled,0,1,1,6,0,0,NA,-1.903111614554148,NA,8,3,RM-avg,herb_Y,herb,tropical,sub/tropical,2,1,1,6,Y,1.5
73,"Taa et al., 2004",8.019806,39.160252,C,3,21,W,Fa-W-W,W,1,3,1,2,RM,IC,herbicides,single species,NA,N,N,pooled,0,1,1,6,0,0,-0.8891849980178211,-0.9821304893696982,NA,10,3,RM-avg,herb_Y,herb,tropical,sub/tropical,2,1,1,6,Y,1.5
73,"Taa et al., 2004",8.019806,39.160252,C,3,3,W,Fa-W-W,W,1,3,1,2,RM,NT,herbicides,single species,NA,N,N,pooled,0,1,1,6,0,0,-1.1340142157190256,NA,NA,10,3,RM-avg,herb_Y,herb,tropical,sub/tropical,2,1,1,6,Y,1.5
73,"Taa et al., 2004",8.019806,39.160252,C,3,3,W,Fa-W-W,W,1,3,1,2,RM,tilled,herbicides,single species,NA,N,N,pooled,0,1,1,6,0,0,0.13353139262452257,NA,NA,10,3,RM-avg,herb_Y,herb,tropical,sub/tropical,2,1,1,6,Y,1.5
